,Travel Destination,Hotel Link,Hotel Best Deal,Flight Link,Flight Best Deal
0,Bintan,https://www.tripadvisor.co.id/Hotels-g297718-Bintan_Island_Bintan_Regency_Riau_Archipelago_Riau_Islands_Province-Hotels.html,Rp 1.740.182,https://www.tripadvisor.co.id/Flights-g297718-Bintan_Island_Bintan_Regency_Riau_Archipelago_Riau_Islands_Province-Cheap_Discount_Airfares.html,
1,Seminyak,https://www.tripadvisor.co.id/Hotels-g469404-Seminyak_Kuta_District_Bali-Hotels.html,Rp 2.331.874,https://www.tripadvisor.co.id/Flights-g469404-Seminyak_Kuta_District_Bali-Cheap_Discount_Airfares.html,Rp 1.305.700
2,Bali,https://www.tripadvisor.co.id/Hotels-g294226-Bali-Hotels.html,Rp 656.190,https://www.tripadvisor.co.id/Flights-g294226-Bali-Cheap_Discount_Airfares.html,Rp 1.145.870
3,Ubud,https://www.tripadvisor.co.id/Hotels-g297701-Ubud_Gianyar_Regency_Bali-Hotels.html,Rp 2.865.927,https://www.tripadvisor.co.id/Flights-g297701-Ubud_Gianyar_Regency_Bali-Cheap_Discount_Airfares.html,Rp 1.145.870
4,Jakarta,https://www.tripadvisor.co.id/Hotels-g294229-Jakarta_Java-Hotels.html,Rp 360.563,https://www.tripadvisor.co.id/Flights-g294229-Jakarta_Java-Cheap_Discount_Airfares.html,
5,Kuta,https://www.tripadvisor.co.id/Hotels-g297697-Kuta_Kuta_District_Bali-Hotels.html,Rp 163.912,https://www.tripadvisor.co.id/Flights-g297697-Kuta_Kuta_District_Bali-Cheap_Discount_Airfares.html,Rp 1.305.700
7,Legian,https://www.tripadvisor.co.id/Hotels-g608487-Legian_Kuta_District_Bali-Hotels.html,Rp 2.360.331,https://www.tripadvisor.co.id/Flights-g608487-Legian_Kuta_District_Bali-Cheap_Discount_Airfares.html,Rp 1.305.700
8,Yogyakarta,https://www.tripadvisor.co.id/Hotels-g294230-Yogyakarta_Region_Java-Hotels.html,Rp 1.100.000,https://www.tripadvisor.co.id/Flights-g294230-Yogyakarta_Region_Java-Cheap_Discount_Airfares.html,Rp 1.802.693
9,Yogyakarta,https://www.tripadvisor.co.id/Hotels-g294230-Yogyakarta_Region_Java-Hotels.html,Rp 1.100.000,https://www.tripadvisor.co.id/Flights-g294230-Yogyakarta_Region_Java-Cheap_Discount_Airfares.html,Rp 1.787.500
10,Nusa Dua,https://www.tripadvisor.co.id/Hotels-g297698-Nusa_Dua_Nusa_Dua_Peninsula_Bali-Hotels.html,Rp 700.000,https://www.tripadvisor.co.id/Flights-g297698-Nusa_Dua_Nusa_Dua_Peninsula_Bali-Cheap_Discount_Airfares.html,Rp 1.305.700
11,Jimbaran,https://www.tripadvisor.co.id/Hotels-g297696-Jimbaran_South_Kuta_Bali-Hotels.html,Rp 1.695.312,https://www.tripadvisor.co.id/Flights-g297696-Jimbaran_South_Kuta_Bali-Cheap_Discount_Airfares.html,Rp 1.305.700
12,Bandung,https://www.tripadvisor.co.id/Hotels-g297704-Bandung_West_Java_Java-Hotels.html,Rp 1.198.347,https://www.tripadvisor.co.id/Flights-g297704-Bandung_West_Java_Java-Cheap_Discount_Airfares.html,Rp 1.491.127
13,Sanur,https://www.tripadvisor.co.id/Hotels-g297700-Sanur_Denpasar_Bali-Hotels.html,Rp 1.487.603,https://www.tripadvisor.co.id/Flights-g297700-Sanur_Denpasar_Bali-Cheap_Discount_Airfares.html,Rp 1.145.870
14,Batam,https://www.tripadvisor.co.id/Hotels-g297717-Batam_Riau_Archipelago_Riau_Islands_Province-Hotels.html,Rp 706.612,https://www.tripadvisor.co.id/Flights-g297717-Batam_Riau_Archipelago_Riau_Islands_Province-Cheap_Discount_Airfares.html,Rp 1.096.600
15,Lombok,https://www.tripadvisor.co.id/Hotels-g297733-Lombok_West_Nusa_Tenggara-Hotels.html,Rp 1.721.296,https://www.tripadvisor.co.id/Flights-g297733-Lombok_West_Nusa_Tenggara-Cheap_Discount_Airfares.html,Rp 1.290.915
16,Canggu,https://www.tripadvisor.co.id/Hotels-g311298-Canggu_North_Kuta_Bali-Hotels.html,Rp 1.029.978,https://www.tripadvisor.co.id/Flights-g311298-Canggu_North_Kuta_Bali-Cheap_Discount_Airfares.html,Rp 1.305.700
17,Surabaya,https://www.tripadvisor.co.id/Hotels-g297715-Surabaya_East_Java_Java-Hotels.html,Rp 434.545,https://www.tripadvisor.co.id/Flights-g297715-Surabaya_East_Java_Java-Cheap_Discount_Airfares.html,Rp 962.802
18,Denpasar,https://www.tripadvisor.co.id/Hotels-g297694-Denpasar_Bali-Hotels.html,Rp 453.298,https://www.tripadvisor.co.id/Flights-g297694-Denpasar_Bali-Cheap_Discount_Airfares.html,Rp 1.305.700
19,Bogor,https://www.tripadvisor.co.id/Hotels-g297706-Bogor_West_Java_Java-Hotels.html,Rp 970.043,https://www.tripadvisor.co.id/Flights-g297706-Bogor_West_Java_Java-Cheap_Discount_Airfares.html,
20,Puncak,https://www.tripadvisor.co.id/Hotels-g844506-Puncak_West_Java_Java-Hotels.html,Rp 611.207,https://www.tripadvisor.co.id/Flights-g844506-Puncak_West_Java_Java-Cheap_Discount_Airfares.html,
21,Nusa Lembongan,https://www.tripadvisor.co.id/Hotels-g1137831-Nusa_Lembongan_Bali-Hotels.html,Rp 1.053.818,https://www.tripadvisor.co.id/Flights-g1137831-Nusa_Lembongan_Bali-Cheap_Discount_Airfares.html,Rp 1.145.870
22,Tanjungbenoa,https://www.tripadvisor.co.id/Hotels-g1465999-Tanjung_Benoa_Nusa_Dua_Peninsula_Bali-Hotels.html,Rp 1.487.500,https://www.tripadvisor.co.id/Flights-g1465999-Tanjung_Benoa_Nusa_Dua_Peninsula_Bali-Cheap_Discount_Airfares.html,Rp 1.145.870
23,Uluwatu,https://www.tripadvisor.co.id/Hotels-g8366411-Uluwatu_Bali-Hotels.html,Rp 8.153.000,https://www.tripadvisor.co.id/Flights-g8366411-Uluwatu_Bali-Cheap_Discount_Airfares.html,Rp 1.305.700
24,Gili Trawangan,https://www.tripadvisor.co.id/Hotels-g664666-Gili_Trawangan_Gili_Islands_Pemenang_Lombok_West_Nusa_Tenggara-Hotels.html,Rp 401.107,https://www.tripadvisor.co.id/Flights-g664666-Gili_Trawangan_Gili_Islands_Pemenang_Lombok_West_Nusa_Tenggara-Cheap_Discount_Airfares.html,Rp 1.134.030
25,Tulamben,https://www.tripadvisor.co.id/Hotels-g469406-Tulamben_Bali-Hotels.html,Rp 330.579,https://www.tripadvisor.co.id/Flights-g469406-Tulamben_Bali-Cheap_Discount_Airfares.html,Rp 1.355.103
26,Samosir,https://www.tripadvisor.co.id/Hotels-g303958-Samosir_Island_North_Sumatra_Sumatra-Hotels.html,Rp 185.950,https://www.tripadvisor.co.id/Flights-g303958-Samosir_Island_North_Sumatra_Sumatra-Cheap_Discount_Airfares.html,Rp 1.358.600
27,Purwokerto,https://www.tripadvisor.co.id/Hotels-g790290-Purwokerto_Central_Java_Java-Hotels.html,Rp 428.430,https://www.tripadvisor.co.id/Flights-g790290-Purwokerto_Central_Java_Java-Cheap_Discount_Airfares.html,
28,Pulau Bunaken,https://www.tripadvisor.co.id/Hotels-g1071666-Bunaken_Island_Manado_North_Sulawesi_Sulawesi-Hotels.html,Rp 1.035.324,https://www.tripadvisor.co.id/Flights-g1071666-Bunaken_Island_Manado_North_Sulawesi_Sulawesi-Cheap_Discount_Airfares.html,Rp 2.161.400
29,Berastagi,https://www.tripadvisor.co.id/Hotels-g469407-Berastagi_North_Sumatra_Sumatra-Hotels.html,Rp 752.066,https://www.tripadvisor.co.id/Flights-g469407-Berastagi_North_Sumatra_Sumatra-Cheap_Discount_Airfares.html,Rp 1.358.600
30,Sidemen,https://www.tripadvisor.co.id/Hotels-g608495-Sidemen_Karangasem_Bali-Hotels.html,Rp 983.125,https://www.tripadvisor.co.id/Flights-g608495-Sidemen_Karangasem_Bali-Cheap_Discount_Airfares.html,Rp 1.183.700
31,Anyer,https://www.tripadvisor.co.id/Hotels-g3400871-Anyer_Banten_Province_Java-Hotels.html,Rp 668.000,https://www.tripadvisor.co.id/Flights-g3400871-Anyer_Banten_Province_Java-Cheap_Discount_Airfares.html,
32,Nusa Penida,https://www.tripadvisor.co.id/Hotels-g2538506-Nusa_Penida_Bali-Hotels.html,Rp 500.776,https://www.tripadvisor.co.id/Flights-g2538506-Nusa_Penida_Bali-Cheap_Discount_Airfares.html,Rp 1.145.870
33,Labuan Bajo,https://www.tripadvisor.co.id/Hotels-g1777483-Labuan_Bajo_Flores_East_Nusa_Tenggara-Hotels.html,Rp 15.932.231,https://www.tripadvisor.co.id/Flights-g1777483-Labuan_Bajo_Flores_East_Nusa_Tenggara-Cheap_Discount_Airfares.html,Rp 1.915.200
34,Tangerang,https://www.tripadvisor.co.id/Hotels-g1493703-Tangerang_Banten_Province_Java-Hotels.html,Rp 525.300,https://www.tripadvisor.co.id/Flights-g1493703-Tangerang_Banten_Province_Java-Cheap_Discount_Airfares.html,
35,Pantai Lovina,https://www.tripadvisor.co.id/Hotels-g1599559-Lovina_Beach_Buleleng_District_Buleleng_Regency_Bali-Hotels.html,Rp 1.655.215,https://www.tripadvisor.co.id/Flights-g1599559-Lovina_Beach_Buleleng_District_Buleleng_Regency_Bali-Cheap_Discount_Airfares.html,Rp 1.145.870
36,Batu,https://www.tripadvisor.co.id/Hotels-g1237079-Batu_East_Java_Java-Hotels.html,Rp 594.247,https://www.tripadvisor.co.id/Flights-g1237079-Batu_East_Java_Java-Cheap_Discount_Airfares.html,
37,Garut,https://www.tripadvisor.co.id/Hotels-g1137840-Garut_West_Java_Java-Hotels.html,Rp 377.686,https://www.tripadvisor.co.id/Flights-g1137840-Garut_West_Java_Java-Cheap_Discount_Airfares.html,
38,Pangandaran,https://www.tripadvisor.co.id/Hotels-g1137814-Pangandaran_West_Java_Java-Hotels.html,Rp 460.694,https://www.tripadvisor.co.id/Flights-g1137814-Pangandaran_West_Java_Java-Cheap_Discount_Airfares.html,
39,Ungasan,https://www.tripadvisor.co.id/Hotels-g1219108-Ungasan_Nusa_Dua_Peninsula_Bali-Hotels.html,Rp 1.749.174,https://www.tripadvisor.co.id/Flights-g1219108-Ungasan_Nusa_Dua_Peninsula_Bali-Cheap_Discount_Airfares.html,Rp 1.305.700
40,Candidasa,https://www.tripadvisor.co.id/Hotels-g312684-Candidasa_Karangasem_Bali-Hotels.html,Rp 744.245,https://www.tripadvisor.co.id/Flights-g312684-Candidasa_Karangasem_Bali-Cheap_Discount_Airfares.html,Rp 1.305.700
41,Banyuwangi,https://www.tripadvisor.co.id/Hotels-g317103-Banyuwangi_East_Java_Java-Hotels.html,Rp 619.835,https://www.tripadvisor.co.id/Flights-g317103-Banyuwangi_East_Java_Java-Cheap_Discount_Airfares.html,Rp 1.361.200
42,Balikpapan,https://www.tripadvisor.co.id/Hotels-g317100-Balikpapan_East_Kalimantan_Kalimantan-Hotels.html,Rp 450.000,https://www.tripadvisor.co.id/Flights-g317100-Balikpapan_East_Kalimantan_Kalimantan-Cheap_Discount_Airfares.html,Rp 1.251.000
43,Semarang,https://www.tripadvisor.co.id/Hotels-g297712-Semarang_Central_Java_Java-Hotels.html,Rp 688.726,https://www.tripadvisor.co.id/Flights-g297712-Semarang_Central_Java_Java-Cheap_Discount_Airfares.html,Rp 751.044
44,Flores,https://www.tripadvisor.co.id/Hotels-g297729-Flores_East_Nusa_Tenggara-Hotels.html,Rp 702.479,https://www.tripadvisor.co.id/Flights-g297729-Flores_East_Nusa_Tenggara-Cheap_Discount_Airfares.html,Rp 3.106.350
45,Padang,https://www.tripadvisor.co.id/Hotels-g297726-Padang_West_Sumatra_Sumatra-Hotels.html,Rp 320.329,https://www.tripadvisor.co.id/Flights-g297726-Padang_West_Sumatra_Sumatra-Cheap_Discount_Airfares.html,Rp 1.111.700
46,Medan,https://www.tripadvisor.co.id/Hotels-g297725-Medan_North_Sumatra_Sumatra-Hotels.html,Rp 653.058,https://www.tripadvisor.co.id/Flights-g297725-Medan_North_Sumatra_Sumatra-Cheap_Discount_Airfares.html,Rp 1.285.565
47,Bandar Lampung,https://www.tripadvisor.co.id/Hotels-g297722-Bandar_Lampung_Lampung_Sumatra-Hotels.html,Rp 330.579,https://www.tripadvisor.co.id/Flights-g297722-Bandar_Lampung_Lampung_Sumatra-Cheap_Discount_Airfares.html,Rp 500.300
48,Sumba,https://www.tripadvisor.co.id/Hotels-g297731-Sumba_East_Nusa_Tenggara-Hotels.html,Rp 878.182,https://www.tripadvisor.co.id/Flights-g297731-Sumba_East_Nusa_Tenggara-Cheap_Discount_Airfares.html,
49,Cirebon,https://www.tripadvisor.co.id/Hotels-g297707-Cirebon_West_Java_Java-Hotels.html,Rp 250.000,https://www.tripadvisor.co.id/Flights-g297707-Cirebon_West_Java_Java-Cheap_Discount_Airfares.html,
50,Malang,https://www.tripadvisor.co.id/Hotels-g297710-Malang_East_Java_Java-Hotels.html,Rp 383.838,https://www.tripadvisor.co.id/Flights-g297710-Malang_East_Java_Java-Cheap_Discount_Airfares.html,
51,Pekanbaru,https://www.tripadvisor.co.id/Hotels-g303957-Pekanbaru_Riau_Province_Sumatra-Hotels.html,Rp 367.310,https://www.tripadvisor.co.id/Flights-g303957-Pekanbaru_Riau_Province_Sumatra-Cheap_Discount_Airfares.html,Rp 1.098.400
52,Gili Meno,https://www.tripadvisor.co.id/Hotels-g664665-Gili_Meno_Gili_Islands_Pemenang_Lombok_West_Nusa_Tenggara-Hotels.html,Rp 1.264.789,https://www.tripadvisor.co.id/Flights-g664665-Gili_Meno_Gili_Islands_Pemenang_Lombok_West_Nusa_Tenggara-Cheap_Discount_Airfares.html,Rp 1.186.169
53,Gili Air,https://www.tripadvisor.co.id/Hotels-g664667-Gili_Air_Gili_Islands_Pemenang_Lombok_West_Nusa_Tenggara-Hotels.html,Rp 437.702,https://www.tripadvisor.co.id/Flights-g664667-Gili_Air_Gili_Islands_Pemenang_Lombok_West_Nusa_Tenggara-Cheap_Discount_Airfares.html,Rp 1.186.169
54,Cisarua,https://www.tripadvisor.co.id/Hotels-g644045-Cisarua_West_Java_Java-Hotels.html,Rp 583.333,https://www.tripadvisor.co.id/Flights-g644045-Cisarua_West_Java_Java-Cheap_Discount_Airfares.html,
55,Tuban,https://www.tripadvisor.co.id/Hotels-g562690-Tuban_Kuta_Kuta_District_Bali-Hotels.html,Rp 788.500,https://www.tripadvisor.co.id/Flights-g562690-Tuban_Kuta_Kuta_District_Bali-Cheap_Discount_Airfares.html,Rp 1.305.700
57,Pemuteran,https://www.tripadvisor.co.id/Hotels-g608493-Pemuteran_Gerokgak_Buleleng_Regency_Bali-Hotels.html,Rp 130.165,https://www.tripadvisor.co.id/Flights-g608493-Pemuteran_Gerokgak_Buleleng_Regency_Bali-Cheap_Discount_Airfares.html,Rp 1.145.870
58,Tabanan,https://www.tripadvisor.co.id/Hotels-g608496-Tabanan_Bali-Hotels.html,Rp 818.182,https://www.tripadvisor.co.id/Flights-g608496-Tabanan_Bali-Cheap_Discount_Airfares.html,Rp 1.305.700
59,Amed,https://www.tripadvisor.co.id/Hotels-g608478-Amed_Abang_Karangasem_Bali-Hotels.html,Rp 495.000,https://www.tripadvisor.co.id/Flights-g608478-Amed_Abang_Karangasem_Bali-Cheap_Discount_Airfares.html,Rp 1.145.870
60,Palembang,https://www.tripadvisor.co.id/Hotels-g608501-Palembang_South_Sumatra_Sumatra-Hotels.html,Rp 468.608,https://www.tripadvisor.co.id/Flights-g608501-Palembang_South_Sumatra_Sumatra-Cheap_Discount_Airfares.html,Rp 869.123
61,Payangan,https://www.tripadvisor.co.id/Hotels-g608492-Payangan_Gianyar_Regency_Bali-Hotels.html,Rp 2.155.671,https://www.tripadvisor.co.id/Flights-g608492-Payangan_Gianyar_Regency_Bali-Cheap_Discount_Airfares.html,Rp 1.305.700
62,Kerobokan,https://www.tripadvisor.co.id/Hotels-g608486-Kerobokan_North_Kuta_Bali-Hotels.html,Rp 683.107,https://www.tripadvisor.co.id/Flights-g608486-Kerobokan_North_Kuta_Bali-Cheap_Discount_Airfares.html,Rp 1.305.700
63,Sukabumi,https://www.tripadvisor.co.id/Hotels-g297714-Sukabumi_West_Java_Java-Hotels.html,Rp 273.566,https://www.tripadvisor.co.id/Flights-g297714-Sukabumi_West_Java_Java-Cheap_Discount_Airfares.html,
64,Solo,https://www.tripadvisor.co.id/Hotels-g297713-Solo_Central_Java_Java-Hotels.html,Rp 150.119,https://www.tripadvisor.co.id/Flights-g297713-Solo_Central_Java_Java-Cheap_Discount_Airfares.html,Rp 887.300
65,Manado,https://www.tripadvisor.co.id/Hotels-g297721-Manado_North_Sulawesi_Sulawesi-Hotels.html,Rp 485.100,https://www.tripadvisor.co.id/Flights-g297721-Manado_North_Sulawesi_Sulawesi-Cheap_Discount_Airfares.html,Rp 2.161.400
66,Makassar,https://www.tripadvisor.co.id/Hotels-g297720-Makassar_South_Sulawesi_Sulawesi-Hotels.html,Rp 207.966,https://www.tripadvisor.co.id/Flights-g297720-Makassar_South_Sulawesi_Sulawesi-Cheap_Discount_Airfares.html,Rp 1.411.617
67,Raja Ampat,https://www.tripadvisor.co.id/Hotels-g2303999-Raja_Ampat_West_Papua-Hotels.html,Rp 2.941.819,https://www.tripadvisor.co.id/Flights-g2303999-Raja_Ampat_West_Papua-Cheap_Discount_Airfares.html,
68,Lembang,https://www.tripadvisor.co.id/Hotels-g7187358-Lembang_West_Java_Java-Hotels.html,Rp 669.421,https://www.tripadvisor.co.id/Flights-g7187358-Lembang_West_Java_Java-Cheap_Discount_Airfares.html,
69,Kedewatan,https://www.tripadvisor.co.id/Hotels-g1933359-Kedewatan_Ubud_Gianyar_Regency_Bali-Hotels.html,Rp 4.077.645,https://www.tripadvisor.co.id/Flights-g1933359-Kedewatan_Ubud_Gianyar_Regency_Bali-Cheap_Discount_Airfares.html,Rp 1.145.870
70,Kepulauan Gili,https://www.tripadvisor.co.id/Hotels-g1940487-Gili_Islands_Pemenang_Lombok_West_Nusa_Tenggara-Hotels.html,Rp 1.663.593,https://www.tripadvisor.co.id/Flights-g1940487-Gili_Islands_Pemenang_Lombok_West_Nusa_Tenggara-Cheap_Discount_Airfares.html,Rp 1.134.030
71,Tawangmangu,https://www.tripadvisor.co.id/Hotels-g3175991-Tawangmangu_Central_Java_Java-Hotels.html,Rp 402.462,https://www.tripadvisor.co.id/Flights-g3175991-Tawangmangu_Central_Java_Java-Cheap_Discount_Airfares.html,
72,Sukawati,https://www.tripadvisor.co.id/Hotels-g2646686-Sukawati_Gianyar_Regency_Bali-Hotels.html,Rp 3.103.585,https://www.tripadvisor.co.id/Flights-g2646686-Sukawati_Gianyar_Regency_Bali-Cheap_Discount_Airfares.html,Rp 1.290.200
73,Kedonganan,https://www.tripadvisor.co.id/Hotels-g3561989-Kedonganan_Jimbaran_South_Kuta_Bali-Hotels.html,Rp 373.106,https://www.tripadvisor.co.id/Flights-g3561989-Kedonganan_Jimbaran_South_Kuta_Bali-Cheap_Discount_Airfares.html,Rp 1.300.951
74,Serpong,https://www.tripadvisor.co.id/Hotels-g3574346-Serpong_Banten_Province_Java-Hotels.html,Rp 435.417,https://www.tripadvisor.co.id/Flights-g3574346-Serpong_Banten_Province_Java-Cheap_Discount_Airfares.html,
75,Pulau Weh,https://www.tripadvisor.co.id/Hotels-g1787388-Pulau_Weh_Aceh_Sumatra-Hotels.html,Rp 227.273,https://www.tripadvisor.co.id/Flights-g1787388-Pulau_Weh_Aceh_Sumatra-Cheap_Discount_Airfares.html,
76,Kepulauan Mentawai,https://www.tripadvisor.co.id/Hotels-g1572268-Mentawai_Islands_West_Sumatra_Sumatra-Hotels.html,Rp 272.727,https://www.tripadvisor.co.id/Flights-g1572268-Mentawai_Islands_West_Sumatra_Sumatra-Cheap_Discount_Airfares.html,Rp 1.111.700
77,Jepara,https://www.tripadvisor.co.id/Hotels-g1189712-Jepara_Central_Java_Java-Hotels.html,Rp 294.545,https://www.tripadvisor.co.id/Flights-g1189712-Jepara_Central_Java_Java-Cheap_Discount_Airfares.html,
78,Banda Aceh,https://www.tripadvisor.co.id/Hotels-g317109-Banda_Aceh_Aceh_Sumatra-Hotels.html,Rp 600.407,https://www.tripadvisor.co.id/Flights-g317109-Banda_Aceh_Aceh_Sumatra-Cheap_Discount_Airfares.html,Rp 2.827.200
79,Rantepao,https://www.tripadvisor.co.id/Hotels-g317108-Rantepao_South_Sulawesi_Sulawesi-Hotels.html,Rp 352.934,https://www.tripadvisor.co.id/Flights-g317108-Rantepao_South_Sulawesi_Sulawesi-Cheap_Discount_Airfares.html,
80,Samarinda,https://www.tripadvisor.co.id/Hotels-g317102-Samarinda_East_Kalimantan_Kalimantan-Hotels.html,Rp 370.248,https://www.tripadvisor.co.id/Flights-g317102-Samarinda_East_Kalimantan_Kalimantan-Cheap_Discount_Airfares.html,
81,Pontianak,https://www.tripadvisor.co.id/Hotels-g317101-Pontianak_West_Kalimantan_Kalimantan-Hotels.html,Rp 342.942,https://www.tripadvisor.co.id/Flights-g317101-Pontianak_West_Kalimantan_Kalimantan-Cheap_Discount_Airfares.html,Rp 1.741.300
82,Parapat,https://www.tripadvisor.co.id/Hotels-g297727-Parapat_North_Sumatra_Sumatra-Hotels.html,Rp 546.694,https://www.tripadvisor.co.id/Flights-g297727-Parapat_North_Sumatra_Sumatra-Cheap_Discount_Airfares.html,Rp 1.326.900
83,Sumatra,https://www.tripadvisor.co.id/Hotels-g294231-Sumatra-Hotels.html,Rp 227.273,https://www.tripadvisor.co.id/Flights-g294231-Sumatra-Cheap_Discount_Airfares.html,Rp 1.075.230
84,Singaraja,https://www.tripadvisor.co.id/Hotels-g297699-Singaraja_Buleleng_District_Buleleng_Regency_Bali-Hotels.html,Rp 1.995.000,https://www.tripadvisor.co.id/Flights-g297699-Singaraja_Buleleng_District_Buleleng_Regency_Bali-Cheap_Discount_Airfares.html,Rp 1.305.700
85,Banjarmasin,https://www.tripadvisor.co.id/Hotels-g303950-Banjarmasin_South_Kalimantan_Kalimantan-Hotels.html,Rp 557.851,https://www.tripadvisor.co.id/Flights-g303950-Banjarmasin_South_Kalimantan_Kalimantan-Cheap_Discount_Airfares.html,Rp 1.154.200
86,Kintamani,https://www.tripadvisor.co.id/Hotels-g303952-Kintamani_Bangli_Bali-Hotels.html,Rp 400.000,https://www.tripadvisor.co.id/Flights-g303952-Kintamani_Bangli_Bali-Cheap_Discount_Airfares.html,Rp 1.305.700
87,Tegal,https://www.tripadvisor.co.id/Hotels-g790289-Tegal_Central_Java_Java-Hotels.html,Rp 393.813,https://www.tripadvisor.co.id/Flights-g790289-Tegal_Central_Java_Java-Cheap_Discount_Airfares.html,
88,Salatiga,https://www.tripadvisor.co.id/Hotels-g1012818-Salatiga_Central_Java_Java-Hotels.html,Rp 389.463,https://www.tripadvisor.co.id/Flights-g1012818-Salatiga_Central_Java_Java-Cheap_Discount_Airfares.html,
89,Kepulauan Togian,https://www.tripadvisor.co.id/Hotels-g1025046-Togian_Islands_Central_Sulawesi_Sulawesi-Hotels.html,Rp 681.818,https://www.tripadvisor.co.id/Flights-g1025046-Togian_Islands_Central_Sulawesi_Sulawesi-Cheap_Discount_Airfares.html,
90,Jember,https://www.tripadvisor.co.id/Hotels-g1052738-Jember_East_Java_Java-Hotels.html,Rp 232.345,https://www.tripadvisor.co.id/Flights-g1052738-Jember_East_Java_Java-Cheap_Discount_Airfares.html,
91,Padangbai,https://www.tripadvisor.co.id/Hotels-g1078452-Padangbai_Bali-Hotels.html,Rp 758.315,https://www.tripadvisor.co.id/Flights-g1078452-Padangbai_Bali-Cheap_Discount_Airfares.html,Rp 1.145.870
92,Lagoi,https://www.tripadvisor.co.id/Hotels-g1096248-Lagoi_Bintan_Island_Bintan_Regency_Riau_Archipelago_Riau_Islands_Province-Hotels.html,Rp 9.768.000,https://www.tripadvisor.co.id/Flights-g1096248-Lagoi_Bintan_Island_Bintan_Regency_Riau_Archipelago_Riau_Islands_Province-Cheap_Discount_Airfares.html,
93,Karangasem,https://www.tripadvisor.co.id/Hotels-g608484-Karangasem_Bali-Hotels.html,Rp 744.245,https://www.tripadvisor.co.id/Flights-g608484-Karangasem_Bali-Cheap_Discount_Airfares.html,Rp 1.145.870
94,Ambon,https://www.tripadvisor.co.id/Hotels-g608477-Ambon_Maluku_Islands-Hotels.html,Rp 359.504,https://www.tripadvisor.co.id/Flights-g608477-Ambon_Maluku_Islands-Cheap_Discount_Airfares.html,Rp 5.066.600
95,Munduk,https://www.tripadvisor.co.id/Hotels-g608490-Munduk_Banjar_Buleleng_Regency_Bali-Hotels.html,Rp 244.643,https://www.tripadvisor.co.id/Flights-g608490-Munduk_Banjar_Buleleng_Regency_Bali-Cheap_Discount_Airfares.html,Rp 1.305.700
96,Kediri,https://www.tripadvisor.co.id/Hotels-g311297-Kediri_East_Java_Java-Hotels.html,Rp 278.649,https://www.tripadvisor.co.id/Flights-g311297-Kediri_East_Java_Java-Cheap_Discount_Airfares.html,
97,Jawa Barat,https://www.tripadvisor.co.id/Hotels-g2301792-West_Java_Java-Hotels.html,Rp 1.059.917,https://www.tripadvisor.co.id/Flights-g2301792-West_Java_Java-Cheap_Discount_Airfares.html,
98,Jawa Timur,https://www.tripadvisor.co.id/Hotels-g2301797-East_Java_Java-Hotels.html,Rp 400.000,https://www.tripadvisor.co.id/Flights-g2301797-East_Java_Java-Cheap_Discount_Airfares.html,
99,Depok,https://www.tripadvisor.co.id/Hotels-g5074492-Depok_Sleman_District_Yogyakarta_Region_Java-Hotels.html,Rp 850.000,https://www.tripadvisor.co.id/Flights-g5074492-Depok_Sleman_District_Yogyakarta_Region_Java-Cheap_Discount_Airfares.html,Rp 2.875.300
100,Kecamatan Kuta,https://www.tripadvisor.co.id/Hotels-g13117159-Kuta_District_Bali-Hotels.html,Rp 832.798,https://www.tripadvisor.co.id/Flights-g13117159-Kuta_District_Bali-Cheap_Discount_Airfares.html,Rp 1.305.700
101,Palangkaraya,https://www.tripadvisor.co.id/Hotels-g303951-Palangkaraya_Central_Kalimantan_Kalimantan-Hotels.html,Rp 515.702,https://www.tripadvisor.co.id/Flights-g303951-Palangkaraya_Central_Kalimantan_Kalimantan-Cheap_Discount_Airfares.html,Rp 1.393.300
102,Situbondo,https://www.tripadvisor.co.id/Hotels-g303955-Situbondo_East_Java_Java-Hotels.html,Rp 1.289.257,https://www.tripadvisor.co.id/Flights-g303955-Situbondo_East_Java_Java-Cheap_Discount_Airfares.html,
103,Mojokerto,https://www.tripadvisor.co.id/Hotels-g303954-Mojokerto_East_Java_Java-Hotels.html,Rp 121.440,https://www.tripadvisor.co.id/Flights-g303954-Mojokerto_East_Java_Java-Cheap_Discount_Airfares.html,
104,Carita,https://www.tripadvisor.co.id/Hotels-g317104-Carita_Labuhan_Banten_Province_Java-Hotels.html,Rp 1.307.247,https://www.tripadvisor.co.id/Flights-g317104-Carita_Labuhan_Banten_Province_Java-Cheap_Discount_Airfares.html,
105,Mengwi,https://www.tripadvisor.co.id/Hotels-g1025508-Mengwi_Bali-Hotels.html,Rp 217.140,https://www.tripadvisor.co.id/Flights-g1025508-Mengwi_Bali-Cheap_Discount_Airfares.html,Rp 1.305.700
106,Tampaksiring,https://www.tripadvisor.co.id/Hotels-g1025505-Tampaksiring_Gianyar_Regency_Bali-Hotels.html,Rp 1.044.908,https://www.tripadvisor.co.id/Flights-g1025505-Tampaksiring_Gianyar_Regency_Bali-Cheap_Discount_Airfares.html,Rp 1.349.802
107,Pasuruan,https://www.tripadvisor.co.id/Hotels-g297711-Pasuruan_East_Java_Java-Hotels.html,Rp 752.066,https://www.tripadvisor.co.id/Flights-g297711-Pasuruan_East_Java_Java-Cheap_Discount_Airfares.html,
108,Nusa Tenggara Barat,https://www.tripadvisor.co.id/Hotels-g297732-West_Nusa_Tenggara-Hotels.html,Rp 1.663.593,https://www.tripadvisor.co.id/Flights-g297732-West_Nusa_Tenggara-Cheap_Discount_Airfares.html,
109,Cianjur,https://www.tripadvisor.co.id/Hotels-g1006216-Cianjur_West_Java_Java-Hotels.html,Rp 252.066,https://www.tripadvisor.co.id/Flights-g1006216-Cianjur_West_Java_Java-Cheap_Discount_Airfares.html,
110,Pulau Bangka,https://www.tripadvisor.co.id/Hotels-g1234795-Bangka_Island_Bangka_Belitung_Islands_Sumatra-Hotels.html,Rp 384.000,https://www.tripadvisor.co.id/Flights-g1234795-Bangka_Island_Bangka_Belitung_Islands_Sumatra-Cheap_Discount_Airfares.html,
111,Pulau Bangka,https://www.tripadvisor.co.id/Hotels-g1234795-Bangka_Island_Bangka_Belitung_Islands_Sumatra-Hotels.html,Rp 384.000,https://www.tripadvisor.co.id/Flights-g1234795-Bangka_Island_Bangka_Belitung_Islands_Sumatra-Cheap_Discount_Airfares.html,Rp 1.075.230
112,Jayapura,https://www.tripadvisor.co.id/Hotels-g680181-Jayapura_Papua-Hotels.html,Rp 540.041,https://www.tripadvisor.co.id/Flights-g680181-Jayapura_Papua-Cheap_Discount_Airfares.html,Rp 7.279.100
113,Sorong,https://www.tripadvisor.co.id/Hotels-g680179-Sorong_West_Papua-Hotels.html,Rp 560.000,https://www.tripadvisor.co.id/Flights-g680179-Sorong_West_Papua-Cheap_Discount_Airfares.html,Rp 4.067.358
114,Pangkalan Bun,https://www.tripadvisor.co.id/Hotels-g680187-Pangkalan_Bun_Central_Kalimantan_Kalimantan-Hotels.html,Rp 909.091,https://www.tripadvisor.co.id/Flights-g680187-Pangkalan_Bun_Central_Kalimantan_Kalimantan-Cheap_Discount_Airfares.html,
115,Bitung,https://www.tripadvisor.co.id/Hotels-g680020-Bitung_North_Sulawesi_Sulawesi-Hotels.html,Rp 835.950,https://www.tripadvisor.co.id/Flights-g680020-Bitung_North_Sulawesi_Sulawesi-Cheap_Discount_Airfares.html,
116,Pematang Siantar,https://www.tripadvisor.co.id/Hotels-g680010-Pematangsiantar_North_Sumatra_Sumatra-Hotels.html,Rp 365.752,https://www.tripadvisor.co.id/Flights-g680010-Pematangsiantar_North_Sumatra_Sumatra-Cheap_Discount_Airfares.html,Rp 1.202.149
117,Palu,https://www.tripadvisor.co.id/Hotels-g680017-Palu_Central_Sulawesi_Sulawesi-Hotels.html,Rp 749.174,https://www.tripadvisor.co.id/Flights-g680017-Palu_Central_Sulawesi_Sulawesi-Cheap_Discount_Airfares.html,Rp 2.655.800
118,Wonosobo,https://www.tripadvisor.co.id/Hotels-g1137818-Wonosobo_Central_Java_Java-Hotels.html,Rp 245.239,https://www.tripadvisor.co.id/Flights-g1137818-Wonosobo_Central_Java_Java-Cheap_Discount_Airfares.html,
119,Trawas,https://www.tripadvisor.co.id/Hotels-g2698863-Trawas_East_Java_Java-Hotels.html,Rp 257.771,https://www.tripadvisor.co.id/Flights-g2698863-Trawas_East_Java_Java-Cheap_Discount_Airfares.html,
120,Prigen,https://www.tripadvisor.co.id/Hotels-g2699971-Prigen_East_Java_Java-Hotels.html,Rp 550.363,https://www.tripadvisor.co.id/Flights-g2699971-Prigen_East_Java_Java-Cheap_Discount_Airfares.html,
121,Parangtritis,https://www.tripadvisor.co.id/Hotels-g790292-Parangtritis_Yogyakarta_Region_Java-Hotels.html,Rp 624.743,https://www.tripadvisor.co.id/Flights-g790292-Parangtritis_Yogyakarta_Region_Java-Cheap_Discount_Airfares.html,Rp 1.787.500
122,Kupang,https://www.tripadvisor.co.id/Hotels-g679582-Kupang_West_Timor_East_Nusa_Tenggara-Hotels.html,Rp 321.000,https://www.tripadvisor.co.id/Flights-g679582-Kupang_West_Timor_East_Nusa_Tenggara-Cheap_Discount_Airfares.html,Rp 2.672.302
123,Seririt,https://www.tripadvisor.co.id/Hotels-g1629368-Seririt_Buleleng_Regency_Bali-Hotels.html,Rp 3.033.058,https://www.tripadvisor.co.id/Flights-g1629368-Seririt_Buleleng_Regency_Bali-Cheap_Discount_Airfares.html,Rp 1.300.951
124,Jawa Tengah,https://www.tripadvisor.co.id/Hotels-g2301793-Central_Java_Java-Hotels.html,Rp 150.119,https://www.tripadvisor.co.id/Flights-g2301793-Central_Java_Java-Cheap_Discount_Airfares.html,
125,Bantul,https://www.tripadvisor.co.id/Hotels-g2304084-Bantul_Yogyakarta_Region_Java-Hotels.html,Rp 139.166,https://www.tripadvisor.co.id/Flights-g2304084-Bantul_Yogyakarta_Region_Java-Cheap_Discount_Airfares.html,
126,Gunung Kidul,https://www.tripadvisor.co.id/Hotels-g2304083-Gunung_Kidul_Java-Hotels.html,Rp 302.424,https://www.tripadvisor.co.id/Flights-g2304083-Gunung_Kidul_Java-Cheap_Discount_Airfares.html,
127,Pulau Rote,https://www.tripadvisor.co.id/Hotels-g2301837-Rote_Island_West_Timor_East_Nusa_Tenggara-Hotels.html,Rp 1.314.152,https://www.tripadvisor.co.id/Flights-g2301837-Rote_Island_West_Timor_East_Nusa_Tenggara-Cheap_Discount_Airfares.html,Rp 4.856.154
128,Pulau Komodo,https://www.tripadvisor.co.id/Hotels-g2311506-Komodo_East_Nusa_Tenggara-Hotels.html,Rp 1.652.893,https://www.tripadvisor.co.id/Flights-g2311506-Komodo_East_Nusa_Tenggara-Cheap_Discount_Airfares.html,
129,Pulau Karimun,https://www.tripadvisor.co.id/Hotels-g2347651-Karimun_Island_Riau_Archipelago_Riau_Islands_Province-Hotels.html,Rp 323.580,https://www.tripadvisor.co.id/Flights-g2347651-Karimun_Island_Riau_Archipelago_Riau_Islands_Province-Cheap_Discount_Airfares.html,
130,Cilacap,https://www.tripadvisor.co.id/Hotels-g317105-Cilacap_Central_Java_Java-Hotels.html,Rp 308.000,https://www.tripadvisor.co.id/Flights-g317105-Cilacap_Central_Java_Java-Cheap_Discount_Airfares.html,
131,Tanjung Pinang,https://www.tripadvisor.co.id/Hotels-g303959-Tanjung_Pinang_Bintan_Island_Bintan_Regency_Riau_Archipelago_Riau_Islands_Province-Hotels.html,Rp 1.225.444,https://www.tripadvisor.co.id/Flights-g303959-Tanjung_Pinang_Bintan_Island_Bintan_Regency_Riau_Archipelago_Riau_Islands_Province-Cheap_Discount_Airfares.html,Rp 1.879.800
132,Berau,https://www.tripadvisor.co.id/Hotels-g3206484-Berau_East_Kalimantan_Kalimantan-Hotels.html,Rp 1.074.380,https://www.tripadvisor.co.id/Flights-g3206484-Berau_East_Kalimantan_Kalimantan-Cheap_Discount_Airfares.html,Rp 2.853.973
133,Pacitan,https://www.tripadvisor.co.id/Hotels-g3175993-Pacitan_East_Java_Java-Hotels.html,Rp 826.446,https://www.tripadvisor.co.id/Flights-g3175993-Pacitan_East_Java_Java-Cheap_Discount_Airfares.html,
134,Sibolga,https://www.tripadvisor.co.id/Hotels-g3182091-Sibolga_North_Sumatra_Sumatra-Hotels.html,Rp 302.842,https://www.tripadvisor.co.id/Flights-g3182091-Sibolga_North_Sumatra_Sumatra-Cheap_Discount_Airfares.html,Rp 3.524.808
135,Sidoarjo,https://www.tripadvisor.co.id/Hotels-g3175994-Sidoarjo_East_Java_Java-Hotels.html,Rp 298.000,https://www.tripadvisor.co.id/Flights-g3175994-Sidoarjo_East_Java_Java-Cheap_Discount_Airfares.html,
136,Medewi,https://www.tripadvisor.co.id/Hotels-g3175960-Medewi_Bali-Hotels.html,Rp 843.472,https://www.tripadvisor.co.id/Flights-g3175960-Medewi_Bali-Cheap_Discount_Airfares.html,Rp 1.356.671
137,Ungaran,https://www.tripadvisor.co.id/Hotels-g3207850-Ungaran_Central_Java_Java-Hotels.html,Rp 415.239,https://www.tripadvisor.co.id/Flights-g3207850-Ungaran_Central_Java_Java-Cheap_Discount_Airfares.html,
138,Sabang,https://www.tripadvisor.co.id/Hotels-g2540440-Sabang_Pulau_Weh_Aceh_Sumatra-Hotels.html,Rp 227.273,https://www.tripadvisor.co.id/Flights-g2540440-Sabang_Pulau_Weh_Aceh_Sumatra-Cheap_Discount_Airfares.html,
139,Pekalongan,https://www.tripadvisor.co.id/Hotels-g2040542-Pekalongan_Central_Java_Java-Hotels.html,Rp 210.677,https://www.tripadvisor.co.id/Flights-g2040542-Pekalongan_Central_Java_Java-Cheap_Discount_Airfares.html,
140,Karawang,https://www.tripadvisor.co.id/Hotels-g2048660-Karawang_Karawang_Regency_West_Java_Java-Hotels.html,Rp 578.999,https://www.tripadvisor.co.id/Flights-g2048660-Karawang_Karawang_Regency_West_Java_Java-Cheap_Discount_Airfares.html,
141,Klungkung,https://www.tripadvisor.co.id/Hotels-g1953908-Klungkung_Bali-Hotels.html,Rp 1.069.800,https://www.tripadvisor.co.id/Flights-g1953908-Klungkung_Bali-Cheap_Discount_Airfares.html,Rp 1.356.356
142,Tejakula,https://www.tripadvisor.co.id/Hotels-g1791618-Tejakula_Buleleng_Regency_Bali-Hotels.html,Rp 1.652.893,https://www.tripadvisor.co.id/Flights-g1791618-Tejakula_Buleleng_Regency_Bali-Cheap_Discount_Airfares.html,Rp 1.290.200
143,Purwakarta,https://www.tripadvisor.co.id/Hotels-g1823197-Purwakarta_West_Java_Java-Hotels.html,Rp 478.280,https://www.tripadvisor.co.id/Flights-g1823197-Purwakarta_West_Java_Java-Cheap_Discount_Airfares.html,
144,Mangsit,https://www.tripadvisor.co.id/Hotels-g2708413-Mangsit_Senggigi_Lombok_West_Nusa_Tenggara-Hotels.html,Rp 1.091.836,https://www.tripadvisor.co.id/Flights-g2708413-Mangsit_Senggigi_Lombok_West_Nusa_Tenggara-Cheap_Discount_Airfares.html,Rp 1.781.000
145,Mambal,https://www.tripadvisor.co.id/Hotels-g4061795-Mambal_Ubud_Gianyar_Regency_Bali-Hotels.html,Rp 2.976.749,https://www.tripadvisor.co.id/Flights-g4061795-Mambal_Ubud_Gianyar_Regency_Bali-Cheap_Discount_Airfares.html,Rp 1.300.650
146,Kepulauan Anambas,https://www.tripadvisor.co.id/Hotels-g3400865-Anambas_Islands_Riau_Islands_Province-Hotels.html,,https://www.tripadvisor.co.id/Flights-g3400865-Anambas_Islands_Riau_Islands_Province-Cheap_Discount_Airfares.html,
147,Cipanas,https://www.tripadvisor.co.id/Hotels-g5970498-Cipanas_West_Java_Java-Hotels.html,Rp 642.791,https://www.tripadvisor.co.id/Flights-g5970498-Cipanas_West_Java_Java-Cheap_Discount_Airfares.html,
148,Ngaglik,https://www.tripadvisor.co.id/Hotels-g3916131-Ngaglik_Sleman_District_Yogyakarta_Region_Java-Hotels.html,Rp 960.338,https://www.tripadvisor.co.id/Flights-g3916131-Ngaglik_Sleman_District_Yogyakarta_Region_Java-Cheap_Discount_Airfares.html,Rp 2.875.300
149,Temanggung,https://www.tripadvisor.co.id/Hotels-g3576942-Temanggung_Central_Java_Java-Hotels.html,Rp 163.636,https://www.tripadvisor.co.id/Flights-g3576942-Temanggung_Central_Java_Java-Cheap_Discount_Airfares.html,
150,Keramas,https://www.tripadvisor.co.id/Hotels-g3591831-Keramas_Blahbatuh_Gianyar_Regency_Bali-Hotels.html,Rp 3.201.186,https://www.tripadvisor.co.id/Flights-g3591831-Keramas_Blahbatuh_Gianyar_Regency_Bali-Cheap_Discount_Airfares.html,Rp 1.340.775
151,Bondalem,https://www.tripadvisor.co.id/Hotels-g1567365-Bondalem_Tejakula_Buleleng_Regency_Bali-Hotels.html,Rp 952.320,https://www.tripadvisor.co.id/Flights-g1567365-Bondalem_Tejakula_Buleleng_Regency_Bali-Cheap_Discount_Airfares.html,Rp 1.300.650
152,Bengkulu,https://www.tripadvisor.co.id/Hotels-g1472388-Bengkulu_Bengkulu_Province_Sumatra-Hotels.html,Rp 254.545,https://www.tripadvisor.co.id/Flights-g1472388-Bengkulu_Bengkulu_Province_Sumatra-Cheap_Discount_Airfares.html,Rp 977.348
153,Gili Gede,https://www.tripadvisor.co.id/Hotels-g8707649-Gili_Gede_Gili_Islands_Pemenang_Lombok_West_Nusa_Tenggara-Hotels.html,Rp 495.868,https://www.tripadvisor.co.id/Flights-g8707649-Gili_Gede_Gili_Islands_Pemenang_Lombok_West_Nusa_Tenggara-Cheap_Discount_Airfares.html,Rp 1.185.895
154,Baturaden,https://www.tripadvisor.co.id/Hotels-g1062752-Baturaden_Central_Java_Java-Hotels.html,Rp 128.659,https://www.tripadvisor.co.id/Flights-g1062752-Baturaden_Central_Java_Java-Cheap_Discount_Airfares.html,
155,Bandar Neira,https://www.tripadvisor.co.id/Hotels-g2444699-Banda_Neira_Maluku_Islands-Hotels.html,,https://www.tripadvisor.co.id/Flights-g2444699-Banda_Neira_Maluku_Islands-Cheap_Discount_Airfares.html,
156,Kebumen,https://www.tripadvisor.co.id/Hotels-g3576937-Kebumen_Central_Java_Java-Hotels.html,Rp 106.313,https://www.tripadvisor.co.id/Flights-g3576937-Kebumen_Central_Java_Java-Cheap_Discount_Airfares.html,
157,Kepulauan Bangka Belitung,https://www.tripadvisor.co.id/Hotels-g2301790-Bangka_Belitung_Islands_Sumatra-Hotels.html,Rp 500.000,https://www.tripadvisor.co.id/Flights-g2301790-Bangka_Belitung_Islands_Sumatra-Cheap_Discount_Airfares.html,Rp 1.152.300
158,Sumatera Utara,https://www.tripadvisor.co.id/Hotels-g2301775-North_Sumatra_Sumatra-Hotels.html,Rp 1.457.764,https://www.tripadvisor.co.id/Flights-g2301775-North_Sumatra_Sumatra-Cheap_Discount_Airfares.html,Rp 1.358.600
159,Kudus,https://www.tripadvisor.co.id/Hotels-g1966182-Kudus_Central_Java_Java-Hotels.html,Rp 244.155,https://www.tripadvisor.co.id/Flights-g1966182-Kudus_Central_Java_Java-Cheap_Discount_Airfares.html,
160,Mamuju,https://www.tripadvisor.co.id/Hotels-g3404989-Mamuju_West_Sulawesi_Sulawesi-Hotels.html,Rp 134.099,https://www.tripadvisor.co.id/Flights-g3404989-Mamuju_West_Sulawesi_Sulawesi-Cheap_Discount_Airfares.html,Rp 4.141.700
161,Lampung,https://www.tripadvisor.co.id/Hotels-g2301788-Lampung_Sumatra-Hotels.html,Rp 330.579,https://www.tripadvisor.co.id/Flights-g2301788-Lampung_Sumatra-Cheap_Discount_Airfares.html,Rp 1.075.230
162,Alor,https://www.tripadvisor.co.id/Hotels-g1600794-Alor_Island_East_Nusa_Tenggara-Hotels.html,,https://www.tripadvisor.co.id/Flights-g1600794-Alor_Island_East_Nusa_Tenggara-Cheap_Discount_Airfares.html,Rp 6.306.742
163,Panakkukang,https://www.tripadvisor.co.id/Hotels-g3834109-Panakkukang_Makassar_South_Sulawesi_Sulawesi-Hotels.html,Rp 291.309,https://www.tripadvisor.co.id/Flights-g3834109-Panakkukang_Makassar_South_Sulawesi_Sulawesi-Cheap_Discount_Airfares.html,Rp 1.411.617
164,Bedugul,https://www.tripadvisor.co.id/Hotels-g7713260-Bedugul_Baturiti_Bali-Hotels.html,Rp 210.000,https://www.tripadvisor.co.id/Flights-g7713260-Bedugul_Baturiti_Bali-Cheap_Discount_Airfares.html,Rp 1.356.356
165,Kerobokan Kelod,https://www.tripadvisor.co.id/Hotels-g13356179-Kerobokan_Kelod_North_Kuta_Bali-Hotels.html,Rp 208.434,https://www.tripadvisor.co.id/Flights-g13356179-Kerobokan_Kelod_North_Kuta_Bali-Cheap_Discount_Airfares.html,Rp 1.359.868
166,Buleleng,https://www.tripadvisor.co.id/Hotels-g1372806-Buleleng_District_Buleleng_Regency_Bali-Hotels.html,Rp 282.645,https://www.tripadvisor.co.id/Flights-g1372806-Buleleng_District_Buleleng_Regency_Bali-Cheap_Discount_Airfares.html,Rp 1.145.870
168,Pekutatan,https://www.tripadvisor.co.id/Hotels-g1234719-Pekutatan_Bali-Hotels.html,Rp 1.233.438,https://www.tripadvisor.co.id/Flights-g1234719-Pekutatan_Bali-Cheap_Discount_Airfares.html,Rp 1.395.323
169,Tulungagung,https://www.tripadvisor.co.id/Hotels-g3207852-Tulungagung_East_Java_Java-Hotels.html,Rp 277.966,https://www.tripadvisor.co.id/Flights-g3207852-Tulungagung_East_Java_Java-Cheap_Discount_Airfares.html,
170,Maumere,https://www.tripadvisor.co.id/Hotels-g676343-Maumere_Flores_East_Nusa_Tenggara-Hotels.html,Rp 156.477,https://www.tripadvisor.co.id/Flights-g676343-Maumere_Flores_East_Nusa_Tenggara-Cheap_Discount_Airfares.html,Rp 4.503.107
171,Tomohon,https://www.tripadvisor.co.id/Hotels-g680013-Tomohon_North_Sulawesi_Sulawesi-Hotels.html,Rp 215.702,https://www.tripadvisor.co.id/Flights-g680013-Tomohon_North_Sulawesi_Sulawesi-Cheap_Discount_Airfares.html,
172,Pulau Moyo,https://www.tripadvisor.co.id/Hotels-g1820453-Moyo_Island_West_Nusa_Tenggara-Hotels.html,Rp 181.818,https://www.tripadvisor.co.id/Flights-g1820453-Moyo_Island_West_Nusa_Tenggara-Cheap_Discount_Airfares.html,
173,Jombang,https://www.tripadvisor.co.id/Hotels-g3561625-Jombang_East_Java_Java-Hotels.html,Rp 193.338,https://www.tripadvisor.co.id/Flights-g3561625-Jombang_East_Java_Java-Cheap_Discount_Airfares.html,
174,Waisai,https://www.tripadvisor.co.id/Hotels-g3632533-Waisai_Raja_Ampat_West_Papua-Hotels.html,Rp 3.622.546,https://www.tripadvisor.co.id/Flights-g3632533-Waisai_Raja_Ampat_West_Papua-Cheap_Discount_Airfares.html,
175,Pulau Simeulue,https://www.tripadvisor.co.id/Hotels-g3648972-Pulau_Simeulue_Aceh_Sumatra-Hotels.html,Rp 1.192.206,https://www.tripadvisor.co.id/Flights-g3648972-Pulau_Simeulue_Aceh_Sumatra-Cheap_Discount_Airfares.html,
176,Selong Belanak,https://www.tripadvisor.co.id/Hotels-g2147811-Selong_Belanak_Lombok_West_Nusa_Tenggara-Hotels.html,Rp 1.238.194,https://www.tripadvisor.co.id/Flights-g2147811-Selong_Belanak_Lombok_West_Nusa_Tenggara-Cheap_Discount_Airfares.html,Rp 1.185.895
177,Pulau Lembeh,https://www.tripadvisor.co.id/Hotels-g1071667-Pulau_Lembeh_Bitung_North_Sulawesi_Sulawesi-Hotels.html,Rp 875.000,https://www.tripadvisor.co.id/Flights-g1071667-Pulau_Lembeh_Bitung_North_Sulawesi_Sulawesi-Cheap_Discount_Airfares.html,
178,Pejeng Kangin,https://www.tripadvisor.co.id/Hotels-g12076487-Pejeng_Kangin_Tampaksiring_Gianyar_Regency_Bali-Hotels.html,Rp 1.350.000,https://www.tripadvisor.co.id/Flights-g12076487-Pejeng_Kangin_Tampaksiring_Gianyar_Regency_Bali-Cheap_Discount_Airfares.html,Rp 1.408.784
179,Pulau Malenge,https://www.tripadvisor.co.id/Hotels-g12834203-Malenge_Island_Togian_Islands_Central_Sulawesi_Sulawesi-Hotels.html,Rp 700.000,https://www.tripadvisor.co.id/Flights-g12834203-Malenge_Island_Togian_Islands_Central_Sulawesi_Sulawesi-Cheap_Discount_Airfares.html,
180,Merek,https://www.tripadvisor.co.id/Hotels-g5988169-Merek_North_Sumatra_Sumatra-Hotels.html,Rp 1.457.764,https://www.tripadvisor.co.id/Flights-g5988169-Merek_North_Sumatra_Sumatra-Cheap_Discount_Airfares.html,Rp 1.202.149
181,Kuta Utara,https://www.tripadvisor.co.id/Hotels-g12622795-North_Kuta_Bali-Hotels.html,Rp 2.269.611,https://www.tripadvisor.co.id/Flights-g12622795-North_Kuta_Bali-Cheap_Discount_Airfares.html,Rp 1.512.600
182,Nganjuk,https://www.tripadvisor.co.id/Hotels-g1472380-Nganjuk_East_Java_Java-Hotels.html,Rp 330.579,https://www.tripadvisor.co.id/Flights-g1472380-Nganjuk_East_Java_Java-Cheap_Discount_Airfares.html,
183,Takengon,https://www.tripadvisor.co.id/Hotels-g2373422-Takengon_Aceh_Sumatra-Hotels.html,Rp 736.727,https://www.tripadvisor.co.id/Flights-g2373422-Takengon_Aceh_Sumatra-Cheap_Discount_Airfares.html,
184,Pandeglang,https://www.tripadvisor.co.id/Hotels-g3396006-Pandeglang_Banten_Province_Java-Hotels.html,Rp 603.306,https://www.tripadvisor.co.id/Flights-g3396006-Pandeglang_Banten_Province_Java-Cheap_Discount_Airfares.html,
185,Payakumbuh,https://www.tripadvisor.co.id/Hotels-g3398689-Payakumbuh_West_Sumatra_Sumatra-Hotels.html,,https://www.tripadvisor.co.id/Flights-g3398689-Payakumbuh_West_Sumatra_Sumatra-Cheap_Discount_Airfares.html,Rp 1.581.040
186,Trenggalek,https://www.tripadvisor.co.id/Hotels-g3932216-Trenggalek_East_Java_Java-Hotels.html,Rp 127.412,https://www.tripadvisor.co.id/Flights-g3932216-Trenggalek_East_Java_Java-Cheap_Discount_Airfares.html,
187,Pakem,https://www.tripadvisor.co.id/Hotels-g4475689-Pakem_Yogyakarta_Region_Java-Hotels.html,Rp 181.313,https://www.tripadvisor.co.id/Flights-g4475689-Pakem_Yogyakarta_Region_Java-Cheap_Discount_Airfares.html,
188,Kaliurang,https://www.tripadvisor.co.id/Hotels-g2698839-Kaliurang_Central_Java_Java-Hotels.html,Rp 251.240,https://www.tripadvisor.co.id/Flights-g2698839-Kaliurang_Central_Java_Java-Cheap_Discount_Airfares.html,
189,Sengkang,https://www.tripadvisor.co.id/Hotels-g3178762-Sengkang_South_Sulawesi_Sulawesi-Hotels.html,Rp 561.983,https://www.tripadvisor.co.id/Flights-g3178762-Sengkang_South_Sulawesi_Sulawesi-Cheap_Discount_Airfares.html,
190,Kalianda,https://www.tripadvisor.co.id/Hotels-g3181449-Kalianda_Lampung_Sumatra-Hotels.html,Rp 586.222,https://www.tripadvisor.co.id/Flights-g3181449-Kalianda_Lampung_Sumatra-Cheap_Discount_Airfares.html,Rp 1.637.371
191,Bondowoso,https://www.tripadvisor.co.id/Hotels-g3200172-Bondowoso_East_Java_Java-Hotels.html,Rp 416.107,https://www.tripadvisor.co.id/Flights-g3200172-Bondowoso_East_Java_Java-Cheap_Discount_Airfares.html,
192,Padang Sidempuan,https://www.tripadvisor.co.id/Hotels-g3200153-Padang_Sidempuan_North_Sumatra_Sumatra-Hotels.html,Rp 348.925,https://www.tripadvisor.co.id/Flights-g3200153-Padang_Sidempuan_North_Sumatra_Sumatra-Cheap_Discount_Airfares.html,Rp 4.373.443
193,Sukapura,https://www.tripadvisor.co.id/Hotels-g3199127-Sukapura_East_Java_Java-Hotels.html,Rp 1.074.380,https://www.tripadvisor.co.id/Flights-g3199127-Sukapura_East_Java_Java-Cheap_Discount_Airfares.html,
194,Ponorogo,https://www.tripadvisor.co.id/Hotels-g2654170-Ponorogo_East_Java_Java-Hotels.html,Rp 346.763,https://www.tripadvisor.co.id/Flights-g2654170-Ponorogo_East_Java_Java-Cheap_Discount_Airfares.html,
195,Bojonegoro,https://www.tripadvisor.co.id/Hotels-g3733889-Bojonegoro_East_Java_Java-Hotels.html,Rp 230.400,https://www.tripadvisor.co.id/Flights-g3733889-Bojonegoro_East_Java_Java-Cheap_Discount_Airfares.html,
196,Pemaron,https://www.tripadvisor.co.id/Hotels-g1600249-Pemaron_Lovina_Beach_Buleleng_District_Buleleng_Regency_Bali-Hotels.html,Rp 697.528,https://www.tripadvisor.co.id/Flights-g1600249-Pemaron_Lovina_Beach_Buleleng_District_Buleleng_Regency_Bali-Cheap_Discount_Airfares.html,Rp 1.300.650
197,Anturan,https://www.tripadvisor.co.id/Hotels-g1600236-Anturan_Lovina_Beach_Buleleng_District_Buleleng_Regency_Bali-Hotels.html,Rp 570.248,https://www.tripadvisor.co.id/Flights-g1600236-Anturan_Lovina_Beach_Buleleng_District_Buleleng_Regency_Bali-Cheap_Discount_Airfares.html,Rp 1.269.700
198,Pulau Seram,https://www.tripadvisor.co.id/Hotels-g1600180-Seram_Island_Maluku_Islands-Hotels.html,,https://www.tripadvisor.co.id/Flights-g1600180-Seram_Island_Maluku_Islands-Cheap_Discount_Airfares.html,
199,Sulawesi Utara,https://www.tripadvisor.co.id/Hotels-g2301803-North_Sulawesi_Sulawesi-Hotels.html,Rp 835.950,https://www.tripadvisor.co.id/Flights-g2301803-North_Sulawesi_Sulawesi-Cheap_Discount_Airfares.html,
200,Banjarbaru,https://www.tripadvisor.co.id/Hotels-g6440630-Banjarbaru_South_Kalimantan_Kalimantan-Hotels.html,Rp 565.800,https://www.tripadvisor.co.id/Flights-g6440630-Banjarbaru_South_Kalimantan_Kalimantan-Cheap_Discount_Airfares.html,Rp 4.014.500
201,Morotai,https://www.tripadvisor.co.id/Hotels-g800482-Morotai_North_Maluku_Maluku_Islands-Hotels.html,Rp 3.605.455,https://www.tripadvisor.co.id/Flights-g800482-Morotai_North_Maluku_Maluku_Islands-Cheap_Discount_Airfares.html,Rp 4.961.700
202,Ende,https://www.tripadvisor.co.id/Hotels-g800614-Ende_Flores_East_Nusa_Tenggara-Hotels.html,Rp 241.667,https://www.tripadvisor.co.id/Flights-g800614-Ende_Flores_East_Nusa_Tenggara-Cheap_Discount_Airfares.html,Rp 4.111.357
203,Jembrana,https://www.tripadvisor.co.id/Hotels-g608482-Jembrana_Bali-Hotels.html,Rp 454.545,https://www.tripadvisor.co.id/Flights-g608482-Jembrana_Bali-Cheap_Discount_Airfares.html,Rp 1.305.700
204,Pupuan,https://www.tripadvisor.co.id/Hotels-g311299-Pupuan_Bali-Hotels.html,Rp 204.636,https://www.tripadvisor.co.id/Flights-g311299-Pupuan_Bali-Cheap_Discount_Airfares.html,Rp 1.300.650
205,Biak,https://www.tripadvisor.co.id/Hotels-g317107-Biak_Papua-Hotels.html,Rp 413.637,https://www.tripadvisor.co.id/Flights-g317107-Biak_Papua-Cheap_Discount_Airfares.html,Rp 5.812.100
206,Pererenan,https://www.tripadvisor.co.id/Hotels-g5323528-Pererenan_Canggu_North_Kuta_Bali-Hotels.html,Rp 1.021.536,https://www.tripadvisor.co.id/Flights-g5323528-Pererenan_Canggu_North_Kuta_Bali-Cheap_Discount_Airfares.html,Rp 1.305.700
207,Tarutung,https://www.tripadvisor.co.id/Hotels-g4366274-Tarutung_North_Sumatra_Sumatra-Hotels.html,Rp 429.570,https://www.tripadvisor.co.id/Flights-g4366274-Tarutung_North_Sumatra_Sumatra-Cheap_Discount_Airfares.html,Rp 3.967.014
208,Wamena,https://www.tripadvisor.co.id/Hotels-g680180-Wamena_Papua-Hotels.html,Rp 987.769,https://www.tripadvisor.co.id/Flights-g680180-Wamena_Papua-Cheap_Discount_Airfares.html,Rp 8.347.400
209,Merauke,https://www.tripadvisor.co.id/Hotels-g2646673-Merauke_Papua-Hotels.html,Rp 940.393,https://www.tripadvisor.co.id/Flights-g2646673-Merauke_Papua-Cheap_Discount_Airfares.html,Rp 9.152.495
210,Pulau Pef,https://www.tripadvisor.co.id/Hotels-g2690061-Pulau_Pef_Raja_Ampat_West_Papua-Hotels.html,Rp 698.000,https://www.tripadvisor.co.id/Flights-g2690061-Pulau_Pef_Raja_Ampat_West_Papua-Cheap_Discount_Airfares.html,
211,Riau Archipelago,https://www.tripadvisor.co.id/Hotels-g2347741-Riau_Archipelago_Riau_Islands_Province-Hotels.html,Rp 1.426.872,https://www.tripadvisor.co.id/Flights-g2347741-Riau_Archipelago_Riau_Islands_Province-Cheap_Discount_Airfares.html,
212,Melayang,https://www.tripadvisor.co.id/Hotels-g1628287-Melayang_Ubud_Gianyar_Regency_Bali-Hotels.html,Rp 1.881.819,https://www.tripadvisor.co.id/Flights-g1628287-Melayang_Ubud_Gianyar_Regency_Bali-Cheap_Discount_Airfares.html,Rp 1.197.735
213,Nembrala,https://www.tripadvisor.co.id/Hotels-g3359493-Nembrala_Rote_Island_West_Timor_East_Nusa_Tenggara-Hotels.html,Rp 1.066.116,https://www.tripadvisor.co.id/Flights-g3359493-Nembrala_Rote_Island_West_Timor_East_Nusa_Tenggara-Cheap_Discount_Airfares.html,Rp 4.855.842
214,Pandaan,https://www.tripadvisor.co.id/Hotels-g3185086-Pandaan_East_Java_Java-Hotels.html,Rp 2.936.364,https://www.tripadvisor.co.id/Flights-g3185086-Pandaan_East_Java_Java-Cheap_Discount_Airfares.html,
215,Songan,https://www.tripadvisor.co.id/Hotels-g3185106-Songan_Kintamani_Bangli_Bali-Hotels.html,Rp 413.223,https://www.tripadvisor.co.id/Flights-g3185106-Songan_Kintamani_Bangli_Bali-Cheap_Discount_Airfares.html,Rp 1.300.650
216,Kedisan,https://www.tripadvisor.co.id/Hotels-g3187036-Kedisan_Kintamani_Bangli_Bali-Hotels.html,Rp 485.951,https://www.tripadvisor.co.id/Flights-g3187036-Kedisan_Kintamani_Bangli_Bali-Cheap_Discount_Airfares.html,Rp 1.354.060
217,Blahbatuh,https://www.tripadvisor.co.id/Hotels-g3187067-Blahbatuh_Gianyar_Regency_Bali-Hotels.html,Rp 3.636.364,https://www.tripadvisor.co.id/Flights-g3187067-Blahbatuh_Gianyar_Regency_Bali-Cheap_Discount_Airfares.html,Rp 1.290.200
218,Galang,https://www.tripadvisor.co.id/Hotels-g3359611-Galang_Riau_Archipelago_Riau_Islands_Province-Hotels.html,Rp 1.726.492,https://www.tripadvisor.co.id/Flights-g3359611-Galang_Riau_Archipelago_Riau_Islands_Province-Cheap_Discount_Airfares.html,
219,Purwodadi,https://www.tripadvisor.co.id/Hotels-g3389996-Purwodadi_Central_Java_Java-Hotels.html,Rp 209.999,https://www.tripadvisor.co.id/Flights-g3389996-Purwodadi_Central_Java_Java-Cheap_Discount_Airfares.html,
220,Maros,https://www.tripadvisor.co.id/Hotels-g3365789-Maros_South_Sulawesi_Sulawesi-Hotels.html,Rp 262.149,https://www.tripadvisor.co.id/Flights-g3365789-Maros_South_Sulawesi_Sulawesi-Cheap_Discount_Airfares.html,Rp 5.125.513
221,Penebel,https://www.tripadvisor.co.id/Hotels-g3365818-Penebel_Bali-Hotels.html,Rp 714.463,https://www.tripadvisor.co.id/Flights-g3365818-Penebel_Bali-Cheap_Discount_Airfares.html,Rp 1.408.784
222,Provinsi Riau,https://www.tripadvisor.co.id/Hotels-g3253675-Riau_Province_Sumatra-Hotels.html,Rp 367.310,https://www.tripadvisor.co.id/Flights-g3253675-Riau_Province_Sumatra-Cheap_Discount_Airfares.html,Rp 1.238.519
223,Sragen,https://www.tripadvisor.co.id/Hotels-g3312574-Sragen_Central_Java_Java-Hotels.html,Rp 123.718,https://www.tripadvisor.co.id/Flights-g3312574-Sragen_Central_Java_Java-Cheap_Discount_Airfares.html,
224,Ciamis,https://www.tripadvisor.co.id/Hotels-g3310650-Ciamis_West_Java_Java-Hotels.html,Rp 166.314,https://www.tripadvisor.co.id/Flights-g3310650-Ciamis_West_Java_Java-Cheap_Discount_Airfares.html,
225,Tenggarong,https://www.tripadvisor.co.id/Hotels-g3336917-Tenggarong_East_Kalimantan_Kalimantan-Hotels.html,Rp 230.455,https://www.tripadvisor.co.id/Flights-g3336917-Tenggarong_East_Kalimantan_Kalimantan-Cheap_Discount_Airfares.html,Rp 3.708.400
226,Makale,https://www.tripadvisor.co.id/Hotels-g3334502-Makale_South_Sulawesi_Sulawesi-Hotels.html,Rp 371.901,https://www.tripadvisor.co.id/Flights-g3334502-Makale_South_Sulawesi_Sulawesi-Cheap_Discount_Airfares.html,Rp 4.577.100
227,Kepulauan Kai,https://www.tripadvisor.co.id/Hotels-g3334605-Kai_Islands_Maluku_Islands-Hotels.html,Rp 295.455,https://www.tripadvisor.co.id/Flights-g3334605-Kai_Islands_Maluku_Islands-Cheap_Discount_Airfares.html,
228,Cimahi,https://www.tripadvisor.co.id/Hotels-g1784984-Cimahi_West_Java_Java-Hotels.html,Rp 131.973,https://www.tripadvisor.co.id/Flights-g1784984-Cimahi_West_Java_Java-Cheap_Discount_Airfares.html,
229,Kaliasem,https://www.tripadvisor.co.id/Hotels-g1600250-Kaliasem_Lovina_Beach_Buleleng_District_Buleleng_Regency_Bali-Hotels.html,Rp 486.231,https://www.tripadvisor.co.id/Flights-g1600250-Kaliasem_Lovina_Beach_Buleleng_District_Buleleng_Regency_Bali-Cheap_Discount_Airfares.html,Rp 1.408.784
230,Temukus,https://www.tripadvisor.co.id/Hotels-g1600235-Temukus_Lovina_Beach_Buleleng_District_Buleleng_Regency_Bali-Hotels.html,Rp 578.512,https://www.tripadvisor.co.id/Flights-g1600235-Temukus_Lovina_Beach_Buleleng_District_Buleleng_Regency_Bali-Cheap_Discount_Airfares.html,Rp 1.356.356
231,Lahat,https://www.tripadvisor.co.id/Hotels-g1233750-Lahat_South_Sumatra_Sumatra-Hotels.html,Rp 459.137,https://www.tripadvisor.co.id/Flights-g1233750-Lahat_South_Sumatra_Sumatra-Cheap_Discount_Airfares.html,
232,Sumbawa Besar,https://www.tripadvisor.co.id/Hotels-g317110-Sumbawa_Besar_Sumbawa_West_Nusa_Tenggara-Hotels.html,Rp 323.503,https://www.tripadvisor.co.id/Flights-g317110-Sumbawa_Besar_Sumbawa_West_Nusa_Tenggara-Cheap_Discount_Airfares.html,Rp 2.848.723
233,Teluk Bakau,https://www.tripadvisor.co.id/Hotels-g3223519-Telukbakau_Bintan_Island_Bintan_Regency_Riau_Archipelago_Riau_Islands_Province-Hotels.html,Rp 533.256,https://www.tripadvisor.co.id/Flights-g3223519-Telukbakau_Bintan_Island_Bintan_Regency_Riau_Archipelago_Riau_Islands_Province-Cheap_Discount_Airfares.html,
234,Pemenang,https://www.tripadvisor.co.id/Hotels-g3224197-Pemenang_Lombok_West_Nusa_Tenggara-Hotels.html,Rp 437.702,https://www.tripadvisor.co.id/Flights-g3224197-Pemenang_Lombok_West_Nusa_Tenggara-Cheap_Discount_Airfares.html,Rp 1.185.895
235,Saparua,https://www.tripadvisor.co.id/Hotels-g3793647-Saparua_Maluku_Maluku_Islands-Hotels.html,Rp 743.802,https://www.tripadvisor.co.id/Flights-g3793647-Saparua_Maluku_Maluku_Islands-Cheap_Discount_Airfares.html,
236,Tegal Mengkeb,https://www.tripadvisor.co.id/Hotels-g4058667-Tegal_Mengkeb_Selemadeg_Bali-Hotels.html,Rp 1.128.099,https://www.tripadvisor.co.id/Flights-g4058667-Tegal_Mengkeb_Selemadeg_Bali-Cheap_Discount_Airfares.html,Rp 1.300.650
237,Bayah,https://www.tripadvisor.co.id/Hotels-g3381380-Bayah_Banten_Province_Java-Hotels.html,,https://www.tripadvisor.co.id/Flights-g3381380-Bayah_Banten_Province_Java-Cheap_Discount_Airfares.html,
238,Tembuku,https://www.tripadvisor.co.id/Hotels-g3400859-Tembuku_Bali-Hotels.html,Rp 1.388.430,https://www.tripadvisor.co.id/Flights-g3400859-Tembuku_Bali-Cheap_Discount_Airfares.html,Rp 1.752.850
239,Kalimantan Barat,https://www.tripadvisor.co.id/Hotels-g2301799-West_Kalimantan_Kalimantan-Hotels.html,Rp 244.463,https://www.tripadvisor.co.id/Flights-g2301799-West_Kalimantan_Kalimantan-Cheap_Discount_Airfares.html,Rp 7.297.083
240,Sekotong Barat,https://www.tripadvisor.co.id/Hotels-g2148152-Desa_Sekotong_Barat_Lombok_West_Nusa_Tenggara-Hotels.html,Rp 684.167,https://www.tripadvisor.co.id/Flights-g2148152-Desa_Sekotong_Barat_Lombok_West_Nusa_Tenggara-Cheap_Discount_Airfares.html,Rp 1.134.030
241,Tana Toraja,https://www.tripadvisor.co.id/Hotels-g8838499-Tana_Toraja_South_Sulawesi_Sulawesi-Hotels.html,Rp 181.818,https://www.tripadvisor.co.id/Flights-g8838499-Tana_Toraja_South_Sulawesi_Sulawesi-Cheap_Discount_Airfares.html,
242,Solok,https://www.tripadvisor.co.id/Hotels-g5599487-Solok_West_Sumatra_Sumatra-Hotels.html,Rp 667.644,https://www.tripadvisor.co.id/Flights-g5599487-Solok_West_Sumatra_Sumatra-Cheap_Discount_Airfares.html,Rp 1.075.230
243,Purbalingga,https://www.tripadvisor.co.id/Hotels-g6215328-Purbalingga_Central_Java_Java-Hotels.html,Rp 289.289,https://www.tripadvisor.co.id/Flights-g6215328-Purbalingga_Central_Java_Java-Cheap_Discount_Airfares.html,
244,Sukoharjo,https://www.tripadvisor.co.id/Hotels-g6368992-Sukoharjo_Central_Java_Java-Hotels.html,Rp 177.470,https://www.tripadvisor.co.id/Flights-g6368992-Sukoharjo_Central_Java_Java-Cheap_Discount_Airfares.html,
245,Muara Enim,https://www.tripadvisor.co.id/Hotels-g6572055-Muara_Enim_South_Sumatra_Sumatra-Hotels.html,Rp 344.763,https://www.tripadvisor.co.id/Flights-g6572055-Muara_Enim_South_Sumatra_Sumatra-Cheap_Discount_Airfares.html,Rp 1.075.230
246,Sentani,https://www.tripadvisor.co.id/Hotels-g6208762-Sentani_Papua-Hotels.html,Rp 790.999,https://www.tripadvisor.co.id/Flights-g6208762-Sentani_Papua-Cheap_Discount_Airfares.html,
247,Purworejo,https://www.tripadvisor.co.id/Hotels-g6215339-Purworejo_Central_Java_Java-Hotels.html,Rp 1.080.000,https://www.tripadvisor.co.id/Flights-g6215339-Purworejo_Central_Java_Java-Cheap_Discount_Airfares.html,
248,Tual,https://www.tripadvisor.co.id/Hotels-g6592999-Tual_Kai_Islands_Maluku_Islands-Hotels.html,Rp 295.455,https://www.tripadvisor.co.id/Flights-g6592999-Tual_Kai_Islands_Maluku_Islands-Cheap_Discount_Airfares.html,
249,Batu layar,https://www.tripadvisor.co.id/Hotels-g3371866-Batu_Layar_Senggigi_Lombok_West_Nusa_Tenggara-Hotels.html,Rp 469.718,https://www.tripadvisor.co.id/Flights-g3371866-Batu_Layar_Senggigi_Lombok_West_Nusa_Tenggara-Cheap_Discount_Airfares.html,Rp 1.290.915
250,Bulukumba,https://www.tripadvisor.co.id/Hotels-g3373378-Bulukumba_South_Sulawesi_Sulawesi-Hotels.html,Rp 247.934,https://www.tripadvisor.co.id/Flights-g3373378-Bulukumba_South_Sulawesi_Sulawesi-Cheap_Discount_Airfares.html,Rp 4.677.100
0,Banyumas,https://www.tripadvisor.co.id/Hotels-g6502019-Banyumas_Central_Java_Java-Hotels.html,Rp 815.022,https://www.tripadvisor.co.id/Flights-g6502019-Banyumas_Central_Java_Java-Cheap_Discount_Airfares.html,
1,Kalimantan Tengah,https://www.tripadvisor.co.id/Hotels-g2301800-Central_Kalimantan_Kalimantan-Hotels.html,Rp 515.702,https://www.tripadvisor.co.id/Flights-g2301800-Central_Kalimantan_Kalimantan-Cheap_Discount_Airfares.html,Rp 3.055.602
2,Sekupang,https://www.tripadvisor.co.id/Hotels-g2543846-Sekupang_Batam_Riau_Archipelago_Riau_Islands_Province-Hotels.html,Rp 187.188,https://www.tripadvisor.co.id/Flights-g2543846-Sekupang_Batam_Riau_Archipelago_Riau_Islands_Province-Cheap_Discount_Airfares.html,Rp 1.300.100
3,Abang,https://www.tripadvisor.co.id/Hotels-g2528749-Abang_Karangasem_Bali-Hotels.html,Rp 495.000,https://www.tripadvisor.co.id/Flights-g2528749-Abang_Karangasem_Bali-Cheap_Discount_Airfares.html,Rp 1.377.200
4,Celuk,,,,
5,Cijulang,https://www.tripadvisor.co.id/Hotels-g1773315-Cijulang_West_Java_Java-Hotels.html,Rp 495.868,https://www.tripadvisor.co.id/Flights-g1773315-Cijulang_West_Java_Java-Cheap_Discount_Airfares.html,
6,Tanjung Pandan,https://www.tripadvisor.co.id/Hotels-g3737841-Tanjung_Pandan_Belitung_Island_Bangka_Belitung_Islands_Sumatra-Hotels.html,Rp 229.481,https://www.tripadvisor.co.id/Flights-g3737841-Tanjung_Pandan_Belitung_Island_Bangka_Belitung_Islands_Sumatra-Cheap_Discount_Airfares.html,Rp 813.200
7,Pejarakan,https://www.tripadvisor.co.id/Hotels-g12250003-Pejarakan_Gerokgak_Buleleng_Regency_Bali-Hotels.html,Rp 163.636,https://www.tripadvisor.co.id/Flights-g12250003-Pejarakan_Gerokgak_Buleleng_Regency_Bali-Cheap_Discount_Airfares.html,Rp 1.756.305
8,Wanagiri,https://www.tripadvisor.co.id/Hotels-g12288293-Wanagiri_Sukasada_Buleleng_Regency_Bali-Hotels.html,Rp 275.132,https://www.tripadvisor.co.id/Flights-g12288293-Wanagiri_Sukasada_Buleleng_Regency_Bali-Cheap_Discount_Airfares.html,Rp 1.303.215
9,Pulau Una Una,https://www.tripadvisor.co.id/Hotels-g12719069-Una_Una_Island_Togian_Islands_Central_Sulawesi_Sulawesi-Hotels.html,Rp 766.667,https://www.tripadvisor.co.id/Flights-g12719069-Una_Una_Island_Togian_Islands_Central_Sulawesi_Sulawesi-Cheap_Discount_Airfares.html,
10,South Tangerang,https://www.tripadvisor.co.id/Hotels-g12719085-South_Tangerang_Banten_Province_Java-Hotels.html,Rp 170.472,https://www.tripadvisor.co.id/Flights-g12719085-South_Tangerang_Banten_Province_Java-Cheap_Discount_Airfares.html,
11,Katupat,https://www.tripadvisor.co.id/Hotels-g12719055-Katupat_Togian_Islands_Central_Sulawesi_Sulawesi-Hotels.html,Rp 318.182,https://www.tripadvisor.co.id/Flights-g12719055-Katupat_Togian_Islands_Central_Sulawesi_Sulawesi-Cheap_Discount_Airfares.html,
12,Karanganyar,https://www.tripadvisor.co.id/Hotels-g12564917-Karanganyar_Central_Java_Java-Hotels.html,Rp 590.909,https://www.tripadvisor.co.id/Flights-g12564917-Karanganyar_Central_Java_Java-Cheap_Discount_Airfares.html,
13,Batubulan,https://www.tripadvisor.co.id/Hotels-g12634008-Batubulan_Sukawati_Gianyar_Regency_Bali-Hotels.html,Rp 286.379,https://www.tripadvisor.co.id/Flights-g12634008-Batubulan_Sukawati_Gianyar_Regency_Bali-Cheap_Discount_Airfares.html,Rp 1.305.700
14,Kutuh,https://www.tripadvisor.co.id/Hotels-g12791748-Kutuh_Bali-Hotels.html,Rp 223.141,https://www.tripadvisor.co.id/Flights-g12791748-Kutuh_Bali-Cheap_Discount_Airfares.html,Rp 1.756.305
15,Ranowangko,https://www.tripadvisor.co.id/Hotels-g12700479-Ranowangko_North_Sulawesi_Sulawesi-Hotels.html,Rp 805.279,https://www.tripadvisor.co.id/Flights-g12700479-Ranowangko_North_Sulawesi_Sulawesi-Cheap_Discount_Airfares.html,
16,Bintan Regency,https://www.tripadvisor.co.id/Hotels-g12811408-Bintan_Regency_Riau_Archipelago_Riau_Islands_Province-Hotels.html,Rp 1.740.182,https://www.tripadvisor.co.id/Flights-g12811408-Bintan_Regency_Riau_Archipelago_Riau_Islands_Province-Cheap_Discount_Airfares.html,
17,Batununggul,https://www.tripadvisor.co.id/Hotels-g12818984-Batununggul_Nusa_Penida_Bali-Hotels.html,Rp 312.397,https://www.tripadvisor.co.id/Flights-g12818984-Batununggul_Nusa_Penida_Bali-Cheap_Discount_Airfares.html,Rp 1.203.700
18,Tangkahan,https://www.tripadvisor.co.id/Hotels-g10792448-Tangkahan_North_Sumatra_Sumatra-Hotels.html,Rp 156.216,https://www.tripadvisor.co.id/Flights-g10792448-Tangkahan_North_Sumatra_Sumatra-Cheap_Discount_Airfares.html,Rp 1.326.900
19,Prambanan,,,,
20,Tibubeneng,https://www.tripadvisor.co.id/Hotels-g10086747-Tibubeneng_North_Kuta_Bali-Hotels.html,Rp 282.645,https://www.tripadvisor.co.id/Flights-g10086747-Tibubeneng_North_Kuta_Bali-Cheap_Discount_Airfares.html,Rp 1.145.870
21,Nagari Sungai Pinang,https://www.tripadvisor.co.id/Hotels-g4833441-Nagari_Sungai_Pinang_West_Sumatra_Sumatra-Hotels.html,Rp 319.784,https://www.tripadvisor.co.id/Flights-g4833441-Nagari_Sungai_Pinang_West_Sumatra_Sumatra-Cheap_Discount_Airfares.html,Rp 1.505.100
22,Ngawi,https://www.tripadvisor.co.id/Hotels-g8300003-Ngawi_East_Java_Java-Hotels.html,Rp 152.586,https://www.tripadvisor.co.id/Flights-g8300003-Ngawi_East_Java_Java-Cheap_Discount_Airfares.html,
23,Sewon,https://www.tripadvisor.co.id/Hotels-g4283430-Sewon_Yogyakarta_Region_Java-Hotels.html,Rp 639.256,https://www.tripadvisor.co.id/Flights-g4283430-Sewon_Yogyakarta_Region_Java-Cheap_Discount_Airfares.html,
24,Majalengka,https://www.tripadvisor.co.id/Hotels-g6487157-Majalengka_West_Java_Java-Hotels.html,Rp 455.322,https://www.tripadvisor.co.id/Flights-g6487157-Majalengka_West_Java_Java-Cheap_Discount_Airfares.html,
25,Tuktuk Siadong,https://www.tripadvisor.co.id/Hotels-g8132644-Tuktuk_Siadong_Samosir_Island_North_Sumatra_Sumatra-Hotels.html,Rp 206.612,https://www.tripadvisor.co.id/Flights-g8132644-Tuktuk_Siadong_Samosir_Island_North_Sumatra_Sumatra-Cheap_Discount_Airfares.html,Rp 1.202.149
26,Kayuputih,,,,
27,Megamendung,https://www.tripadvisor.co.id/Hotels-g12033986-Megamendung_Bogor_Regency_West_Java_Java-Hotels.html,Rp 2.175.000,https://www.tripadvisor.co.id/Flights-g12033986-Megamendung_Bogor_Regency_West_Java_Java-Cheap_Discount_Airfares.html,
28,Sumur Batu,https://www.tripadvisor.co.id/Hotels-g12388634-Sumur_Batu_Babakan_Madang_Bogor_Regency_West_Java_Java-Hotels.html,Rp 1.647.934,https://www.tripadvisor.co.id/Flights-g12388634-Sumur_Batu_Babakan_Madang_Bogor_Regency_West_Java_Java-Cheap_Discount_Airfares.html,
29,Babakan Madang,https://www.tripadvisor.co.id/Hotels-g12388629-Babakan_Madang_Bogor_Regency_West_Java_Java-Hotels.html,Rp 1.013.812,https://www.tripadvisor.co.id/Flights-g12388629-Babakan_Madang_Bogor_Regency_West_Java_Java-Cheap_Discount_Airfares.html,
30,Bogor Regency,https://www.tripadvisor.co.id/Hotels-g12388606-Bogor_Regency_West_Java_Java-Hotels.html,Rp 2.175.000,https://www.tripadvisor.co.id/Flights-g12388606-Bogor_Regency_West_Java_Java-Cheap_Discount_Airfares.html,
31,Tanah Lot,https://www.tripadvisor.co.id/Hotels-g10351164-Tanah_Lot_Bali-Hotels.html,Rp 245.868,https://www.tripadvisor.co.id/Flights-g10351164-Tanah_Lot_Bali-Cheap_Discount_Airfares.html,Rp 1.303.215
32,Gunung Kijang,https://www.tripadvisor.co.id/Hotels-g12119576-Gunung_Kijang_Bintan_Island_Bintan_Regency_Riau_Archipelago_Riau_Islands_Province-Hotels.html,Rp 1.740.182,https://www.tripadvisor.co.id/Flights-g12119576-Gunung_Kijang_Bintan_Island_Bintan_Regency_Riau_Archipelago_Riau_Islands_Province-Cheap_Discount_Airfares.html,
33,Gianyar Regency,https://www.tripadvisor.co.id/Hotels-g15795170-Gianyar_Regency_Bali-Hotels.html,Rp 2.865.927,https://www.tripadvisor.co.id/Flights-g15795170-Gianyar_Regency_Bali-Cheap_Discount_Airfares.html,Rp 1.145.870
34,Tepus,https://www.tripadvisor.co.id/Hotels-g12956233-Tepus_Yogyakarta_Region_Java-Hotels.html,Rp 365.932,https://www.tripadvisor.co.id/Flights-g12956233-Tepus_Yogyakarta_Region_Java-Cheap_Discount_Airfares.html,Rp 2.875.300
35,Sanur Kaja,https://www.tripadvisor.co.id/Hotels-g15292043-Sanur_Kaja_Denpasar_Bali-Hotels.html,Rp 123.175,https://www.tripadvisor.co.id/Flights-g15292043-Sanur_Kaja_Denpasar_Bali-Cheap_Discount_Airfares.html,Rp 1.305.700
36,Imogiri,,,,
37,Medahan,https://www.tripadvisor.co.id/Hotels-g3862479-Medahan_Blahbatuh_Gianyar_Regency_Bali-Hotels.html,Rp 318.182,https://www.tripadvisor.co.id/Flights-g3862479-Medahan_Blahbatuh_Gianyar_Regency_Bali-Cheap_Discount_Airfares.html,Rp 1.303.215
38,Rinca,,,,
39,Provinsi Gorontalo,https://www.tripadvisor.co.id/Hotels-g2323382-Gorontalo_Province_Sulawesi-Hotels.html,Rp 586.777,https://www.tripadvisor.co.id/Flights-g2323382-Gorontalo_Province_Sulawesi-Cheap_Discount_Airfares.html,Rp 5.021.730
40,Sangeh,,,,
41,Kubutambahan,https://www.tripadvisor.co.id/Hotels-g10796061-Kubutambahan_Buleleng_Regency_Bali-Hotels.html,Rp 185.950,https://www.tripadvisor.co.id/Flights-g10796061-Kubutambahan_Buleleng_Regency_Bali-Cheap_Discount_Airfares.html,Rp 1.290.200
42,Sakti,https://www.tripadvisor.co.id/Hotels-g12696636-Sakti_Nusa_Penida_Bali-Hotels.html,Rp 287.686,https://www.tripadvisor.co.id/Flights-g12696636-Sakti_Nusa_Penida_Bali-Cheap_Discount_Airfares.html,Rp 1.305.700
43,Kalabahi,https://www.tripadvisor.co.id/Hotels-g2444661-Kalabahi_Alor_Island_East_Nusa_Tenggara-Hotels.html,,https://www.tripadvisor.co.id/Flights-g2444661-Kalabahi_Alor_Island_East_Nusa_Tenggara-Cheap_Discount_Airfares.html,Rp 6.044.192
44,Pulau Kakaban,https://www.tripadvisor.co.id/Hotels-g3346467-Pulau_Kakaban_East_Kalimantan_Kalimantan-Hotels.html,Rp 1.764.706,https://www.tripadvisor.co.id/Flights-g3346467-Pulau_Kakaban_East_Kalimantan_Kalimantan-Cheap_Discount_Airfares.html,
45,Tanggamus,https://www.tripadvisor.co.id/Hotels-g3380109-Tanggamus_Lampung_Sumatra-Hotels.html,Rp 778.500,https://www.tripadvisor.co.id/Flights-g3380109-Tanggamus_Lampung_Sumatra-Cheap_Discount_Airfares.html,Rp 1.353.755
46,Manggar,,,,
47,Semanu,https://www.tripadvisor.co.id/Hotels-g3398624-Semanu_Yogyakarta_Region_Java-Hotels.html,Rp 134.714,https://www.tripadvisor.co.id/Flights-g3398624-Semanu_Yogyakarta_Region_Java-Cheap_Discount_Airfares.html,Rp 1.787.500
48,Mayong,https://www.tripadvisor.co.id/Hotels-g3407309-Mayong_Seririt_Buleleng_Regency_Bali-Hotels.html,Rp 3.736.249,https://www.tripadvisor.co.id/Flights-g3407309-Mayong_Seririt_Buleleng_Regency_Bali-Cheap_Discount_Airfares.html,Rp 1.145.870
49,Bukti,https://www.tripadvisor.co.id/Hotels-g4006903-Bukti_Kubutambahan_Buleleng_Regency_Bali-Hotels.html,Rp 625.352,https://www.tripadvisor.co.id/Flights-g4006903-Bukti_Kubutambahan_Buleleng_Regency_Bali-Cheap_Discount_Airfares.html,Rp 1.145.870
0,Mendut,https://www.tripadvisor.co.id/Hotels-g3373423-Mendut_Central_Java_Java-Hotels.html,Rp 306.908,https://www.tripadvisor.co.id/Flights-g3373423-Mendut_Central_Java_Java-Cheap_Discount_Airfares.html,
1,Subagan,https://www.tripadvisor.co.id/Hotels-g3198489-Subagan_Karangasem_Bali-Hotels.html,Rp 289.256,https://www.tripadvisor.co.id/Flights-g3198489-Subagan_Karangasem_Bali-Cheap_Discount_Airfares.html,Rp 1.197.735
2,Ambarita,https://www.tripadvisor.co.id/Hotels-g3187028-Ambarita_Samosir_Island_North_Sumatra_Sumatra-Hotels.html,Rp 257.553,https://www.tripadvisor.co.id/Flights-g3187028-Ambarita_Samosir_Island_North_Sumatra_Sumatra-Cheap_Discount_Airfares.html,Rp 1.202.149
3,Tetebatu,https://www.tripadvisor.co.id/Hotels-g7106676-Tetebatu_Lombok_West_Nusa_Tenggara-Hotels.html,Rp 270.000,https://www.tripadvisor.co.id/Flights-g7106676-Tetebatu_Lombok_West_Nusa_Tenggara-Cheap_Discount_Airfares.html,Rp 1.134.030
4,Tanjungsari,https://www.tripadvisor.co.id/Hotels-g3605986-Tanjungsari_Yogyakarta_Region_Java-Hotels.html,Rp 498.832,https://www.tripadvisor.co.id/Flights-g3605986-Tanjungsari_Yogyakarta_Region_Java-Cheap_Discount_Airfares.html,Rp 1.787.500
5,Pujut,https://www.tripadvisor.co.id/Hotels-g3607401-Pujut_Lombok_West_Nusa_Tenggara-Hotels.html,Rp 1.045.455,https://www.tripadvisor.co.id/Flights-g3607401-Pujut_Lombok_West_Nusa_Tenggara-Cheap_Discount_Airfares.html,Rp 1.185.947
6,Kuta Selatan,https://www.tripadvisor.co.id/Hotels-g12997472-South_Kuta_Bali-Hotels.html,Rp 3.437.868,https://www.tripadvisor.co.id/Flights-g12997472-South_Kuta_Bali-Cheap_Discount_Airfares.html,Rp 1.305.700
8,Carangsari,https://www.tripadvisor.co.id/Hotels-g8456691-Carangsari_Bali-Hotels.html,Rp 991.736,https://www.tripadvisor.co.id/Flights-g8456691-Carangsari_Bali-Cheap_Discount_Airfares.html,Rp 1.197.735
9,Provinsi Bengkulu,https://www.tripadvisor.co.id/Hotels-g2323384-Bengkulu_Province_Sumatra-Hotels.html,Rp 254.545,https://www.tripadvisor.co.id/Flights-g2323384-Bengkulu_Province_Sumatra-Cheap_Discount_Airfares.html,Rp 1.075.230
10,Nungnung,,,,
11,Labuhan,https://www.tripadvisor.co.id/Hotels-g3320215-Labuhan_Banten_Province_Java-Hotels.html,Rp 836.621,https://www.tripadvisor.co.id/Flights-g3320215-Labuhan_Banten_Province_Java-Cheap_Discount_Airfares.html,
12,Sembalun Lawang,https://www.tripadvisor.co.id/Hotels-g12955895-Sembalun_Lawang_Lombok_West_Nusa_Tenggara-Hotels.html,Rp 165.289,https://www.tripadvisor.co.id/Flights-g12955895-Sembalun_Lawang_Lombok_West_Nusa_Tenggara-Cheap_Discount_Airfares.html,Rp 1.134.030
13,Cihideung,https://www.tripadvisor.co.id/Hotels-g13219542-Cihideung_West_Java_Java-Hotels.html,Rp 119.884,https://www.tripadvisor.co.id/Flights-g13219542-Cihideung_West_Java_Java-Cheap_Discount_Airfares.html,
14,Bedulu,https://www.tripadvisor.co.id/Hotels-g11769423-Bedulu_Blahbatuh_Gianyar_Regency_Bali-Hotels.html,Rp 225.000,https://www.tripadvisor.co.id/Flights-g11769423-Bedulu_Blahbatuh_Gianyar_Regency_Bali-Cheap_Discount_Airfares.html,Rp 1.305.700
15,Bangli,https://www.tripadvisor.co.id/Hotels-g1025506-Bangli_Bali-Hotels.html,Rp 400.000,https://www.tripadvisor.co.id/Flights-g1025506-Bangli_Bali-Cheap_Discount_Airfares.html,Rp 1.145.870
16,Pulau Kri,https://www.tripadvisor.co.id/Hotels-g15024679-Kri_Island_Raja_Ampat_West_Papua-Hotels.html,Rp 578.999,https://www.tripadvisor.co.id/Flights-g15024679-Kri_Island_Raja_Ampat_West_Papua-Cheap_Discount_Airfares.html,
17,Keliki,https://www.tripadvisor.co.id/Hotels-g15239500-Keliki_Gianyar_Gianyar_Regency_Bali-Hotels.html,Rp 4.062.500,https://www.tripadvisor.co.id/Flights-g15239500-Keliki_Gianyar_Gianyar_Regency_Bali-Cheap_Discount_Airfares.html,Rp 1.300.707
18,Dangin Puri,https://www.tripadvisor.co.id/Hotels-g15239398-Dangin_Puri_Denpasar_Bali-Hotels.html,Rp 1.995.000,https://www.tripadvisor.co.id/Flights-g15239398-Dangin_Puri_Denpasar_Bali-Cheap_Discount_Airfares.html,Rp 1.145.870
19,Sukasada,https://www.tripadvisor.co.id/Hotels-g15212803-Sukasada_Buleleng_Regency_Bali-Hotels.html,Rp 400.413,https://www.tripadvisor.co.id/Flights-g15212803-Sukasada_Buleleng_Regency_Bali-Cheap_Discount_Airfares.html,Rp 1.526.817
20,Toyapakeh,https://www.tripadvisor.co.id/Hotels-g14115586-Toyapakeh_Nusa_Penida_Bali-Hotels.html,Rp 663.636,https://www.tripadvisor.co.id/Flights-g14115586-Toyapakeh_Nusa_Penida_Bali-Cheap_Discount_Airfares.html,Rp 1.752.927
21,Singakerta,https://www.tripadvisor.co.id/Hotels-g15880600-Singakerta_Ubud_Gianyar_Regency_Bali-Hotels.html,Rp 661.107,https://www.tripadvisor.co.id/Flights-g15880600-Singakerta_Ubud_Gianyar_Regency_Bali-Cheap_Discount_Airfares.html,Rp 1.752.927
22,Guwang,,,,
23,Singapadu Kaler,https://www.tripadvisor.co.id/Hotels-g20116867-Singapadu_Kaler_Sukawati_Gianyar_Regency_Bali-Hotels.html,Rp 627.097,https://www.tripadvisor.co.id/Flights-g20116867-Singapadu_Kaler_Sukawati_Gianyar_Regency_Bali-Cheap_Discount_Airfares.html,Rp 1.197.735
24,Batu Karas,https://www.tripadvisor.co.id/Hotels-g6677749-Batu_Karas_West_Java_Java-Hotels.html,Rp 208.333,https://www.tripadvisor.co.id/Flights-g6677749-Batu_Karas_West_Java_Java-Cheap_Discount_Airfares.html,
