Country Name,Travel Destination,Checking,Things to Do,Location,Review Count
Indonesia,Bintan,Bintan,tur aktivitasluarruangan transportasi turdenganperahudanolahragaair pemandangandantengara spadankebugaran wisataalamdantaman hiburanmalam tempatbelanja kebunbinatangdanakuarium makanandanminuman kursusdansanggar tamanairdantamanhiburan hiburandanpermainan sumberinformasiwisatawan cocokuntukpasangan hargaterjangkau cocokuntukanakanak cocokuntukkelompokbesar masukgratis bagussaathujan lokasibulanmadu cocokuntukpenggemaraktivitasekstrem tempatyangbelumpopuler berjiwapetualang ,"Bintan Regency, Indonesia",25006
Indonesia,Seminyak,Seminyak,tur spadankebugaran aktivitasluarruangan tempatbelanja turdenganperahudanolahragaair transportasi hiburanmalam kursusdansanggar makanandanminuman museum hiburandanpermainan wisataalamdantaman pemandangandantengara konserdanpertunjukan bagussaathujan cocokuntukpasangan hargaterjangkau lokasibulanmadu cocokuntukanakanak cocokuntukkelompokbesar masukgratis cocokuntukpenggemaraktivitasekstrem tempatyangbelumpopuler berjiwapetualang ,"Kecamatan Kuta, Indonesia",451212
Indonesia,Bali,Bali,tur aktivitasluarruangan turdenganperahudanolahragaair spadankebugaran transportasi tempatbelanja kursusdansanggar pemandangandantengara makanandanminuman wisataalamdantaman hiburandanpermainan hiburanmalam museum konserdanpertunjukan tamanairdantamanhiburan cocokuntukpasangan hargaterjangkau cocokuntukanakanak bagussaathujan cocokuntukkelompokbesar lokasibulanmadu cocokuntukpenggemaraktivitasekstrem masukgratis berjiwapetualang tempatyangbelumpopuler ,Indonesia,2998882
Indonesia,Ubud,Ubud,tur aktivitasluarruangan spadankebugaran transportasi turdenganperahudanolahragaair tempatbelanja kursusdansanggar makanandanminuman hiburandanpermainan museum pemandangandantengara hiburanmalam konserdanpertunjukan wisataalamdantaman sumberinformasiwisatawan cocokuntukpasangan hargaterjangkau bagussaathujan cocokuntukanakanak cocokuntukkelompokbesar lokasibulanmadu tempatyangbelumpopuler cocokuntukpenggemaraktivitasekstrem masukgratis berjiwapetualang ,"Gianyar Regency, Indonesia",610495
Indonesia,Jakarta,Jakarta,tur tempatbelanja spadankebugaran aktivitasluarruangan hiburandanpermainan transportasi pemandangandantengara museum wisataalamdantaman hiburanmalam kursusdansanggar turdenganperahudanolahragaair makanandanminuman tamanairdantamanhiburan konserdanpertunjukan                bagussaathujan cocokuntukanakanak masukgratis hargaterjangkau cocokuntukkelompokbesar cocokuntukpasangan cocokuntukpenggemaraktivitasekstrem berjiwapetualang tempatyangbelumpopuler lokasibulanmadu ,"Jawa, Indonesia",339358
Indonesia,Kuta,Kuta,tur aktivitasluarruangan turdenganperahudanolahragaair transportasi spadankebugaran tempatbelanja hiburanmalam makanandanminuman hiburandanpermainan kursusdansanggar pemandangandantengara wisataalamdantaman museum konserdanpertunjukan tamanairdantamanhiburan cocokuntukpasangan bagussaathujan hargaterjangkau cocokuntukanakanak cocokuntukkelompokbesar lokasibulanmadu cocokuntukpenggemaraktivitasekstrem masukgratis berjiwapetualang tempatyangbelumpopuler ,"Kecamatan Kuta, Indonesia",364605
Indonesia,Kuta,Kuta,tur aktivitasluarruangan turdenganperahudanolahragaair transportasi spadankebugaran tempatbelanja hiburanmalam makanandanminuman hiburandanpermainan kursusdansanggar pemandangandantengara wisataalamdantaman museum konserdanpertunjukan tamanairdantamanhiburan cocokuntukpasangan bagussaathujan hargaterjangkau cocokuntukanakanak cocokuntukkelompokbesar lokasibulanmadu cocokuntukpenggemaraktivitasekstrem masukgratis berjiwapetualang tempatyangbelumpopuler ,"Lombok, Indonesia",26536
Indonesia,Legian,Legian,tur spadankebugaran aktivitasluarruangan turdenganperahudanolahragaair tempatbelanja hiburanmalam transportasi kursusdansanggar pemandangandantengara makanandanminuman hiburandanpermainan museum wisataalamdantaman bagussaathujan hargaterjangkau cocokuntukpasangan cocokuntukanakanak cocokuntukkelompokbesar lokasibulanmadu masukgratis cocokuntukpenggemaraktivitasekstrem berjiwapetualang tempatyangbelumpopuler ,"Kecamatan Kuta, Indonesia",161368
Indonesia,Yogyakarta,Yogyakarta,tur aktivitasluarruangan transportasi pemandangandantengara tempatbelanja wisataalamdantaman spadankebugaran museum turdenganperahudanolahragaair kursusdansanggar hiburandanpermainan makanandanminuman hiburanmalam tamanairdantamanhiburan konserdanpertunjukan hargaterjangkau cocokuntukanakanak cocokuntukpasangan cocokuntukkelompokbesar bagussaathujan masukgratis cocokuntukpenggemaraktivitasekstrem tempatyangbelumpopuler lokasibulanmadu berjiwapetualang ,"Jawa, Indonesia",163279
Indonesia,Yogyakarta,Yogyakarta,tur aktivitasluarruangan transportasi pemandangandantengara tempatbelanja wisataalamdantaman spadankebugaran museum turdenganperahudanolahragaair kursusdansanggar hiburandanpermainan makanandanminuman hiburanmalam tamanairdantamanhiburan konserdanpertunjukan hargaterjangkau cocokuntukanakanak cocokuntukpasangan cocokuntukkelompokbesar bagussaathujan masukgratis cocokuntukpenggemaraktivitasekstrem tempatyangbelumpopuler lokasibulanmadu berjiwapetualang ,"Yogyakarta, Indonesia",18058
Indonesia,Nusa Dua,Nusa Dua,tur aktivitasluarruangan spadankebugaran turdenganperahudanolahragaair transportasi tempatbelanja kursusdansanggar makanandanminuman hiburanmalam wisataalamdantaman hiburandanpermainan pemandangandantengara museum konserdanpertunjukan tamanairdantamanhiburan cocokuntukpasangan hargaterjangkau bagussaathujan cocokuntukanakanak lokasibulanmadu cocokuntukkelompokbesar cocokuntukpenggemaraktivitasekstrem tempatyangbelumpopuler masukgratis berjiwapetualang ,"Semenanjung Nusa Dua, Indonesia",166489
Indonesia,Jimbaran,Jimbaran,tur aktivitasluarruangan turdenganperahudanolahragaair spadankebugaran tempatbelanja transportasi makanandanminuman kursusdansanggar hiburandanpermainan pemandangandantengara wisataalamdantaman hiburanmalam cocokuntukpasangan cocokuntukanakanak hargaterjangkau cocokuntukkelompokbesar bagussaathujan lokasibulanmadu cocokuntukpenggemaraktivitasekstrem masukgratis tempatyangbelumpopuler berjiwapetualang ,"Kuta Selatan, Indonesia",105628
Indonesia,Bandung,Bandung,tur aktivitasluarruangan tempatbelanja pemandangandantengara wisataalamdantaman spadankebugaran transportasi hiburandanpermainan hiburanmalam museum turdenganperahudanolahragaair tamanairdantamanhiburan makanandanminuman kursusdansanggar kebunbinatangdanakuarium hargaterjangkau cocokuntukanakanak masukgratis bagussaathujan cocokuntukkelompokbesar cocokuntukpasangan cocokuntukpenggemaraktivitasekstrem tempatyangbelumpopuler berjiwapetualang lokasibulanmadu ,"Jawa Barat, Indonesia",153302
Indonesia,Sanur,Sanur,tur aktivitasluarruangan turdenganperahudanolahragaair spadankebugaran transportasi tempatbelanja kursusdansanggar makanandanminuman wisataalamdantaman pemandangandantengara hiburandanpermainan hiburanmalam museum konserdanpertunjukan sumberinformasiwisatawan cocokuntukpasangan hargaterjangkau bagussaathujan cocokuntukanakanak cocokuntukkelompokbesar lokasibulanmadu cocokuntukpenggemaraktivitasekstrem berjiwapetualang masukgratis tempatyangbelumpopuler ,"Denpasar, Indonesia",201289
Indonesia,Batam,Batam,spadankebugaran tur transportasi aktivitasluarruangan tempatbelanja pemandangandantengara hiburanmalam wisataalamdantaman turdenganperahudanolahragaair makanandanminuman hiburandanpermainan kursusdansanggar konserdanpertunjukan tamanairdantamanhiburan museum bagussaathujan hargaterjangkau cocokuntukpasangan cocokuntukanakanak cocokuntukkelompokbesar masukgratis lokasibulanmadu cocokuntukpenggemaraktivitasekstrem tempatyangbelumpopuler berjiwapetualang ,"Riau Archipelago, Indonesia",59610
Indonesia,Lombok,Lombok,tur aktivitasluarruangan turdenganperahudanolahragaair transportasi wisataalamdantaman spadankebugaran tempatbelanja pemandangandantengara kursusdansanggar makanandanminuman hiburanmalam hiburandanpermainan museum tamanairdantamanhiburan kebunbinatangdanakuarium cocokuntukpasangan hargaterjangkau cocokuntukkelompokbesar cocokuntukpenggemaraktivitasekstrem bagussaathujan berjiwapetualang cocokuntukanakanak lokasibulanmadu masukgratis tempatyangbelumpopuler ,"Nusa Tenggara Barat, Indonesia",274440
Indonesia,Canggu,Canggu,tur aktivitasluarruangan turdenganperahudanolahragaair spadankebugaran kursusdansanggar tempatbelanja transportasi hiburandanpermainan makanandanminuman wisataalamdantaman hiburanmalam tamanairdantamanhiburan konserdanpertunjukan pemandangandantengara museum cocokuntukpasangan bagussaathujan hargaterjangkau cocokuntukanakanak cocokuntukpenggemaraktivitasekstrem cocokuntukkelompokbesar masukgratis lokasibulanmadu berjiwapetualang tempatyangbelumpopuler ,"Kuta Utara, Indonesia",96894
Indonesia,Surabaya,Surabaya,tur aktivitasluarruangan pemandangandantengara tempatbelanja spadankebugaran transportasi hiburandanpermainan wisataalamdantaman hiburanmalam museum turdenganperahudanolahragaair makanandanminuman kursusdansanggar tamanairdantamanhiburan sumberinformasiwisatawan masukgratis cocokuntukanakanak hargaterjangkau bagussaathujan cocokuntukkelompokbesar cocokuntukpasangan cocokuntukpenggemaraktivitasekstrem tempatyangbelumpopuler berjiwapetualang ,"Jawa Timur, Indonesia",86213
Indonesia,Denpasar,Denpasar,tur aktivitasluarruangan turdenganperahudanolahragaair transportasi spadankebugaran tempatbelanja makanandanminuman kursusdansanggar hiburandanpermainan pemandangandantengara wisataalamdantaman hiburanmalam museum konserdanpertunjukan tamanairdantamanhiburan cocokuntukpasangan cocokuntukanakanak hargaterjangkau cocokuntukkelompokbesar bagussaathujan lokasibulanmadu cocokuntukpenggemaraktivitasekstrem masukgratis berjiwapetualang tempatyangbelumpopuler ,"Bali, Indonesia",291402
Indonesia,Bogor,Bogor,wisataalamdantaman aktivitasluarruangan tur pemandangandantengara tempatbelanja turdenganperahudanolahragaair hiburandanpermainan spadankebugaran transportasi tamanairdantamanhiburan museum makanandanminuman kursusdansanggar hiburanmalam sumberinformasiwisatawan cocokuntukanakanak hargaterjangkau cocokuntukkelompokbesar cocokuntukpasangan masukgratis cocokuntukpenggemaraktivitasekstrem berjiwapetualang tempatyangbelumpopuler bagussaathujan lokasibulanmadu ,"Jawa Barat, Indonesia",38424
Indonesia,Puncak,Puncak,tur pemandangandantengara wisataalamdantaman aktivitasluarruangan spadankebugaran kebunbinatangdanakuarium tamanairdantamanhiburan hiburandanpermainan transportasi cocokuntukanakanak hargaterjangkau cocokuntukkelompokbesar ,"Jawa Barat, Indonesia",8282
Indonesia,Nusa Lembongan,Nusa Lembongan,aktivitasluarruangan tur turdenganperahudanolahragaair spadankebugaran transportasi kursusdansanggar wisataalamdantaman pemandangandantengara tamanairdantamanhiburan hiburandanpermainan cocokuntukpasangan hargaterjangkau cocokuntukpenggemaraktivitasekstrem bagussaathujan berjiwapetualang cocokuntukanakanak cocokuntukkelompokbesar lokasibulanmadu tempatyangbelumpopuler masukgratis ,"Bali, Indonesia",77345
Indonesia,Tanjungbenoa,Tanjungbenoa,tur aktivitasluarruangan turdenganperahudanolahragaair spadankebugaran makanandanminuman kursusdansanggar transportasi hiburanmalam tempatbelanja pemandangandantengara hiburandanpermainan wisataalamdantaman cocokuntukpasangan lokasibulanmadu cocokuntukpenggemaraktivitasekstrem hargaterjangkau bagussaathujan cocokuntukanakanak cocokuntukkelompokbesar berjiwapetualang tempatyangbelumpopuler masukgratis ,"Semenanjung Nusa Dua, Indonesia",54330
Indonesia,Uluwatu,Uluwatu,aktivitasluarruangan tur transportasi spadankebugaran turdenganperahudanolahragaair kursusdansanggar hiburanmalam tempatbelanja pemandangandantengara wisataalamdantaman makanandanminuman bagussaathujan cocokuntukpasangan cocokuntukanakanak hargaterjangkau cocokuntukkelompokbesar lokasibulanmadu cocokuntukpenggemaraktivitasekstrem masukgratis berjiwapetualang tempatyangbelumpopuler ,"Bali, Indonesia",19396
Indonesia,Gili Trawangan,Gili Trawangan,tur aktivitasluarruangan turdenganperahudanolahragaair spadankebugaran transportasi hiburanmalam kursusdansanggar hiburandanpermainan makanandanminuman pemandangandantengara wisataalamdantaman tempatbelanja cocokuntukpasangan hargaterjangkau bagussaathujan cocokuntukpenggemaraktivitasekstrem cocokuntukkelompokbesar lokasibulanmadu berjiwapetualang cocokuntukanakanak masukgratis tempatyangbelumpopuler ,"Kepulauan Gili, Indonesia",96583
Indonesia,Tulamben,Tulamben,tur aktivitasluarruangan turdenganperahudanolahragaair transportasi tempatbelanja wisataalamdantaman spadankebugaran kursusdansanggar pemandangandantengara cocokuntukpasangan hargaterjangkau cocokuntukpenggemaraktivitasekstrem cocokuntukkelompokbesar bagussaathujan cocokuntukanakanak lokasibulanmadu berjiwapetualang masukgratis tempatyangbelumpopuler ,"Bali, Indonesia",15203
Indonesia,Samosir,Samosir,wisataalamdantaman pemandangandantengara aktivitasluarruangan museum hiburanmalam tempatbelanja tur konserdanpertunjukan sumberinformasiwisatawan hargaterjangkau cocokuntukanakanak cocokuntukkelompokbesar masukgratis tempatyangbelumpopuler ,"Sumatera Utara, Indonesia",6041
Indonesia,Purwokerto,Purwokerto,wisataalamdantaman pemandangandantengara hiburanmalam tempatbelanja tur museum hiburandanpermainan aktivitasluarruangan spadankebugaran kursusdansanggar kebunbinatangdanakuarium tamanairdantamanhiburan cocokuntukanakanak hargaterjangkau cocokuntukpasangan masukgratis cocokuntukkelompokbesar lokasibulanmadu bagussaathujan ,"Jawa Tengah, Indonesia",3635
Indonesia,Pulau Bunaken,Pulau Bunaken,tur turdenganperahudanolahragaair aktivitasluarruangan hiburanmalam wisataalamdantaman transportasi cocokuntukpasangan cocokuntukkelompokbesar hargaterjangkau lokasibulanmadu cocokuntukpenggemaraktivitasekstrem tempatyangbelumpopuler bagussaathujan ,"Manado, Indonesia",4767
Indonesia,Berastagi,Berastagi,tur aktivitasluarruangan wisataalamdantaman pemandangandantengara transportasi tempatbelanja makanandanminuman spadankebugaran museum tamanairdantamanhiburan hiburandanpermainan hargaterjangkau cocokuntukpasangan cocokuntukanakanak cocokuntukkelompokbesar cocokuntukpenggemaraktivitasekstrem masukgratis berjiwapetualang ,"Sumatera Utara, Indonesia",3357
Indonesia,Sidemen,Sidemen,tur aktivitasluarruangan tempatbelanja transportasi pemandangandantengara spadankebugaran kursusdansanggar wisataalamdantaman makanandanminuman museum turdenganperahudanolahragaair hiburandanpermainan cocokuntukpasangan cocokuntukanakanak hargaterjangkau bagussaathujan cocokuntukkelompokbesar lokasibulanmadu tempatyangbelumpopuler berjiwapetualang cocokuntukpenggemaraktivitasekstrem ,"Karangasem, Indonesia",6888
Indonesia,Anyer,Anyer,wisataalamdantaman aktivitasluarruangan cocokuntukanakanak cocokuntukkelompokbesar ,"Banten Province, Indonesia",2735
Indonesia,Nusa Penida,Nusa Penida,tur aktivitasluarruangan turdenganperahudanolahragaair transportasi wisataalamdantaman pemandangandantengara spadankebugaran kursusdansanggar hiburanmalam tempatbelanja konserdanpertunjukan cocokuntukpasangan cocokuntukkelompokbesar hargaterjangkau cocokuntukanakanak cocokuntukpenggemaraktivitasekstrem berjiwapetualang masukgratis bagussaathujan lokasibulanmadu tempatyangbelumpopuler ,"Bali, Indonesia",24938
Indonesia,Labuan Bajo,Labuan Bajo,tur aktivitasluarruangan turdenganperahudanolahragaair transportasi wisataalamdantaman makanandanminuman tempatbelanja spadankebugaran pemandangandantengara kursusdansanggar museum hiburandanpermainan cocokuntukpasangan cocokuntukkelompokbesar cocokuntukanakanak berjiwapetualang cocokuntukpenggemaraktivitasekstrem hargaterjangkau lokasibulanmadu tempatyangbelumpopuler masukgratis bagussaathujan ,"Flores, Indonesia",44386
Indonesia,Tangerang,Tangerang,spadankebugaran tempatbelanja hiburandanpermainan tur aktivitasluarruangan transportasi pemandangandantengara makanandanminuman turdenganperahudanolahragaair wisataalamdantaman hiburanmalam tamanairdantamanhiburan sumberinformasiwisatawan kursusdansanggar museum cocokuntukanakanak bagussaathujan hargaterjangkau masukgratis cocokuntukkelompokbesar cocokuntukpasangan cocokuntukpenggemaraktivitasekstrem berjiwapetualang ,"Banten Province, Indonesia",27153
Indonesia,Pantai Lovina,Pantai Lovina,tur aktivitasluarruangan turdenganperahudanolahragaair transportasi spadankebugaran kursusdansanggar makanandanminuman hiburanmalam hiburandanpermainan tempatbelanja wisataalamdantaman pemandangandantengara tamanairdantamanhiburan museum sumberinformasiwisatawan cocokuntukpasangan cocokuntukanakanak hargaterjangkau bagussaathujan lokasibulanmadu cocokuntukkelompokbesar masukgratis cocokuntukpenggemaraktivitasekstrem tempatyangbelumpopuler berjiwapetualang ,"Buleleng, Indonesia",24948
Indonesia,Batu,Batu,wisataalamdantaman pemandangandantengara aktivitasluarruangan tur turdenganperahudanolahragaair tempatbelanja tamanairdantamanhiburan museum hiburandanpermainan spadankebugaran kebunbinatangdanakuarium transportasi hiburanmalam cocokuntukanakanak hargaterjangkau cocokuntukkelompokbesar cocokuntukpasangan cocokuntukpenggemaraktivitasekstrem masukgratis bagussaathujan tempatyangbelumpopuler lokasibulanmadu berjiwapetualang ,"Jawa Timur, Indonesia",16754
Indonesia,Garut,Garut,wisataalamdantaman aktivitasluarruangan tur pemandangandantengara tempatbelanja hargaterjangkau cocokuntukanakanak cocokuntukkelompokbesar cocokuntukpenggemaraktivitasekstrem masukgratis cocokuntukpasangan berjiwapetualang ,"Jawa Barat, Indonesia",2936
Indonesia,Pangandaran,Pangandaran,aktivitasluarruangan tur turdenganperahudanolahragaair wisataalamdantaman transportasi hiburandanpermainan hargaterjangkau cocokuntukanakanak cocokuntukkelompokbesar cocokuntukpenggemaraktivitasekstrem berjiwapetualang cocokuntukpasangan lokasibulanmadu tempatyangbelumpopuler masukgratis ,"Jawa Barat, Indonesia",3478
Indonesia,Ungasan,Ungasan,aktivitasluarruangan tur spadankebugaran wisataalamdantaman tempatbelanja kursusdansanggar tamanairdantamanhiburan turdenganperahudanolahragaair hiburandanpermainan makanandanminuman pemandangandantengara museum acara cocokuntukpasangan lokasibulanmadu cocokuntukkelompokbesar hargaterjangkau cocokuntukanakanak bagussaathujan tempatyangbelumpopuler masukgratis cocokuntukpenggemaraktivitasekstrem berjiwapetualang ,"Semenanjung Nusa Dua, Indonesia",20054
Indonesia,Candidasa,Candidasa,tur aktivitasluarruangan turdenganperahudanolahragaair spadankebugaran transportasi tempatbelanja makanandanminuman wisataalamdantaman hiburanmalam cocokuntukpasangan hargaterjangkau cocokuntukanakanak lokasibulanmadu bagussaathujan cocokuntukpenggemaraktivitasekstrem cocokuntukkelompokbesar masukgratis tempatyangbelumpopuler berjiwapetualang ,"Karangasem, Indonesia",30957
Indonesia,Banyuwangi,Banyuwangi,aktivitasluarruangan tur wisataalamdantaman transportasi turdenganperahudanolahragaair pemandangandantengara makanandanminuman spadankebugaran tempatbelanja tamanairdantamanhiburan hiburandanpermainan kursusdansanggar museum cocokuntukpasangan cocokuntukkelompokbesar hargaterjangkau cocokuntukpenggemaraktivitasekstrem cocokuntukanakanak berjiwapetualang masukgratis lokasibulanmadu tempatyangbelumpopuler bagussaathujan ,"Jawa Timur, Indonesia",13699
Indonesia,Balikpapan,Balikpapan,wisataalamdantaman aktivitasluarruangan pemandangandantengara tempatbelanja tur hiburanmalam tamanairdantamanhiburan spadankebugaran museum turdenganperahudanolahragaair transportasi makanandanminuman kursusdansanggar hiburandanpermainan hargaterjangkau cocokuntukanakanak masukgratis cocokuntukkelompokbesar bagussaathujan cocokuntukpasangan berjiwapetualang ,"Kalimantan Timur, Indonesia",10383
Indonesia,Semarang,Semarang,pemandangandantengara tur wisataalamdantaman aktivitasluarruangan tempatbelanja hiburanmalam hiburandanpermainan transportasi spadankebugaran turdenganperahudanolahragaair museum tamanairdantamanhiburan makanandanminuman kursusdansanggar konserdanpertunjukan cocokuntukanakanak masukgratis hargaterjangkau cocokuntukkelompokbesar cocokuntukpasangan bagussaathujan berjiwapetualang lokasibulanmadu cocokuntukpenggemaraktivitasekstrem tempatyangbelumpopuler ,"Jawa Tengah, Indonesia",36995
Indonesia,Flores,Flores,tur aktivitasluarruangan turdenganperahudanolahragaair wisataalamdantaman pemandangandantengara transportasi tempatbelanja makanandanminuman spadankebugaran museum kursusdansanggar hiburandanpermainan konserdanpertunjukan cocokuntukpasangan cocokuntukkelompokbesar cocokuntukanakanak hargaterjangkau berjiwapetualang cocokuntukpenggemaraktivitasekstrem lokasibulanmadu tempatyangbelumpopuler masukgratis bagussaathujan ,"Nusa Tenggara Timur, Indonesia",56222
Indonesia,Padang,Padang,aktivitasluarruangan wisataalamdantaman tur pemandangandantengara turdenganperahudanolahragaair transportasi tempatbelanja makanandanminuman hiburanmalam spadankebugaran kursusdansanggar museum hiburandanpermainan tamanairdantamanhiburan cocokuntukanakanak hargaterjangkau cocokuntukkelompokbesar masukgratis cocokuntukpasangan cocokuntukpenggemaraktivitasekstrem bagussaathujan berjiwapetualang ,"West Sumatra, Indonesia",8722
Indonesia,Medan,Medan,tur aktivitasluarruangan tempatbelanja spadankebugaran transportasi hiburanmalam pemandangandantengara wisataalamdantaman makanandanminuman museum turdenganperahudanolahragaair hiburandanpermainan kursusdansanggar tamanairdantamanhiburan kebunbinatangdanakuarium cocokuntukkelompokbesar bagussaathujan cocokuntukanakanak hargaterjangkau masukgratis cocokuntukpasangan cocokuntukpenggemaraktivitasekstrem lokasibulanmadu tempatyangbelumpopuler berjiwapetualang ,"Sumatera Utara, Indonesia",30107
Indonesia,Bandar Lampung,Bandar Lampung,wisataalamdantaman aktivitasluarruangan pemandangandantengara tempatbelanja tur tamanairdantamanhiburan transportasi turdenganperahudanolahragaair spadankebugaran museum hiburandanpermainan acara cocokuntukanakanak hargaterjangkau cocokuntukkelompokbesar masukgratis cocokuntukpasangan bagussaathujan lokasibulanmadu ,"Lampung, Indonesia",7673
Indonesia,Sumba,Sumba,wisataalamdantaman aktivitasluarruangan pemandangandantengara tur tempatbelanja hiburandanpermainan kasinodanperjudian transportasi turdenganperahudanolahragaair masukgratis cocokuntukanakanak cocokuntukkelompokbesar hargaterjangkau cocokuntukpasangan tempatyangbelumpopuler lokasibulanmadu cocokuntukpenggemaraktivitasekstrem bagussaathujan berjiwapetualang ,"Nusa Tenggara Timur, Indonesia",3273
Indonesia,Cirebon,Cirebon,pemandangandantengara tempatbelanja tur aktivitasluarruangan wisataalamdantaman transportasi spadankebugaran makanandanminuman museum tamanairdantamanhiburan turdenganperahudanolahragaair hargaterjangkau cocokuntukanakanak cocokuntukkelompokbesar masukgratis bagussaathujan cocokuntukpasangan ,"Jawa Barat, Indonesia",11111
Indonesia,Malang,Malang,aktivitasluarruangan tur wisataalamdantaman transportasi pemandangandantengara tempatbelanja spadankebugaran turdenganperahudanolahragaair museum tamanairdantamanhiburan hiburandanpermainan makanandanminuman hiburanmalam kursusdansanggar cocokuntukanakanak hargaterjangkau cocokuntukkelompokbesar cocokuntukpasangan masukgratis bagussaathujan cocokuntukpenggemaraktivitasekstrem berjiwapetualang lokasibulanmadu tempatyangbelumpopuler ,"Jawa Timur, Indonesia",33782
Indonesia,Pekanbaru,Pekanbaru,tempatbelanja pemandangandantengara wisataalamdantaman spadankebugaran transportasi hiburanmalam makanandanminuman tamanairdantamanhiburan hiburandanpermainan aktivitasluarruangan tur kebunbinatangdanakuarium museum sumberinformasiwisatawan masukgratis hargaterjangkau cocokuntukanakanak bagussaathujan cocokuntukkelompokbesar ,"Provinsi Riau, Indonesia",12316
Indonesia,Gili Meno,Gili Meno,aktivitasluarruangan tur turdenganperahudanolahragaair wisataalamdantaman spadankebugaran pemandangandantengara transportasi hargaterjangkau cocokuntukpasangan cocokuntukpenggemaraktivitasekstrem cocokuntukanakanak lokasibulanmadu cocokuntukkelompokbesar masukgratis bagussaathujan berjiwapetualang tempatyangbelumpopuler ,"Kepulauan Gili, Indonesia",14880
Indonesia,Gili Air,Gili Air,aktivitasluarruangan tur turdenganperahudanolahragaair spadankebugaran transportasi kursusdansanggar hiburanmalam tempatbelanja makanandanminuman hiburandanpermainan bagussaathujan cocokuntukpasangan hargaterjangkau cocokuntukpenggemaraktivitasekstrem lokasibulanmadu berjiwapetualang cocokuntukkelompokbesar cocokuntukanakanak tempatyangbelumpopuler ,"Kepulauan Gili, Indonesia",47702
Indonesia,Cisarua,Cisarua,wisataalamdantaman aktivitasluarruangan tur tamanairdantamanhiburan pemandangandantengara kebunbinatangdanakuarium turdenganperahudanolahragaair hiburandanpermainan cocokuntukanakanak cocokuntukkelompokbesar cocokuntukpasangan hargaterjangkau masukgratis berjiwapetualang ,"Jawa Barat, Indonesia",2511
Indonesia,Tuban,Tuban,tur aktivitasluarruangan transportasi spadankebugaran turdenganperahudanolahragaair tempatbelanja kursusdansanggar pemandangandantengara wisataalamdantaman hiburanmalam makanandanminuman museum hiburandanpermainan cocokuntukpasangan cocokuntukanakanak hargaterjangkau bagussaathujan cocokuntukkelompokbesar lokasibulanmadu masukgratis tempatyangbelumpopuler cocokuntukpenggemaraktivitasekstrem berjiwapetualang ,"Kuta, Indonesia",20552
Indonesia,Tuban,Tuban,tur aktivitasluarruangan transportasi spadankebugaran turdenganperahudanolahragaair tempatbelanja kursusdansanggar pemandangandantengara wisataalamdantaman hiburanmalam makanandanminuman museum hiburandanpermainan cocokuntukpasangan cocokuntukanakanak hargaterjangkau bagussaathujan cocokuntukkelompokbesar lokasibulanmadu masukgratis tempatyangbelumpopuler cocokuntukpenggemaraktivitasekstrem berjiwapetualang ,"Jawa Timur, Indonesia",313
Indonesia,Pemuteran,Pemuteran,tur aktivitasluarruangan turdenganperahudanolahragaair transportasi spadankebugaran wisataalamdantaman tempatbelanja makanandanminuman kursusdansanggar pemandangandantengara museum cocokuntukpasangan hargaterjangkau cocokuntukanakanak cocokuntukkelompokbesar cocokuntukpenggemaraktivitasekstrem lokasibulanmadu bagussaathujan masukgratis berjiwapetualang tempatyangbelumpopuler ,"Gerokgak, Indonesia",22705
Indonesia,Tabanan,Tabanan,tur aktivitasluarruangan wisataalamdantaman pemandangandantengara transportasi turdenganperahudanolahragaair kursusdansanggar makanandanminuman tempatbelanja spadankebugaran hiburandanpermainan hiburanmalam museum tamanairdantamanhiburan cocokuntukanakanak hargaterjangkau cocokuntukpasangan cocokuntukkelompokbesar lokasibulanmadu masukgratis cocokuntukpenggemaraktivitasekstrem tempatyangbelumpopuler berjiwapetualang bagussaathujan ,"Bali, Indonesia",21625
Indonesia,Amed,Amed,tur aktivitasluarruangan turdenganperahudanolahragaair transportasi spadankebugaran wisataalamdantaman hiburanmalam kursusdansanggar tempatbelanja pemandangandantengara museum hiburandanpermainan cocokuntukpasangan hargaterjangkau cocokuntukpenggemaraktivitasekstrem bagussaathujan lokasibulanmadu cocokuntukanakanak cocokuntukkelompokbesar berjiwapetualang masukgratis tempatyangbelumpopuler ,"Abang, Indonesia",53876
Indonesia,Palembang,Palembang,pemandangandantengara tempatbelanja wisataalamdantaman aktivitasluarruangan spadankebugaran museum hiburandanpermainan tur transportasi tamanairdantamanhiburan kebunbinatangdanakuarium cocokuntukanakanak hargaterjangkau masukgratis bagussaathujan cocokuntukkelompokbesar cocokuntukpasangan ,"Sumatra Selatan, Indonesia",14345
Indonesia,Payangan,Payangan,tur aktivitasluarruangan turdenganperahudanolahragaair spadankebugaran makanandanminuman kursusdansanggar tempatbelanja hiburandanpermainan transportasi pemandangandantengara cocokuntukpasangan cocokuntukanakanak cocokuntukkelompokbesar lokasibulanmadu berjiwapetualang bagussaathujan hargaterjangkau cocokuntukpenggemaraktivitasekstrem tempatyangbelumpopuler ,"Gianyar Regency, Indonesia",15482
Indonesia,Kerobokan,Kerobokan,tur spadankebugaran aktivitasluarruangan tempatbelanja turdenganperahudanolahragaair transportasi makanandanminuman kursusdansanggar pemandangandantengara wisataalamdantaman hiburanmalam hiburandanpermainan museum cocokuntukpasangan bagussaathujan hargaterjangkau cocokuntukanakanak cocokuntukkelompokbesar lokasibulanmadu masukgratis cocokuntukpenggemaraktivitasekstrem tempatyangbelumpopuler ,"Kuta Utara, Indonesia",66208
Indonesia,Sukabumi,Sukabumi,wisataalamdantaman aktivitasluarruangan pemandangandantengara tur spadankebugaran turdenganperahudanolahragaair tamanairdantamanhiburan tempatbelanja kursusdansanggar hiburandanpermainan cocokuntukkelompokbesar hargaterjangkau cocokuntukpasangan cocokuntukanakanak masukgratis tempatyangbelumpopuler berjiwapetualang bagussaathujan ,"Jawa Barat, Indonesia",2403
Indonesia,Solo,Solo,tempatbelanja pemandangandantengara spadankebugaran aktivitasluarruangan museum wisataalamdantaman transportasi tur hiburanmalam makanandanminuman kursusdansanggar kebunbinatangdanakuarium tamanairdantamanhiburan hiburandanpermainan turdenganperahudanolahragaair hargaterjangkau masukgratis cocokuntukanakanak bagussaathujan cocokuntukkelompokbesar cocokuntukpasangan tempatyangbelumpopuler ,"Jawa Tengah, Indonesia",25525
Indonesia,Manado,Manado,aktivitasluarruangan tur turdenganperahudanolahragaair wisataalamdantaman pemandangandantengara tempatbelanja spadankebugaran hiburanmalam transportasi makanandanminuman tamanairdantamanhiburan hiburandanpermainan kursusdansanggar museum cocokuntukanakanak masukgratis cocokuntukpasangan hargaterjangkau bagussaathujan cocokuntukkelompokbesar cocokuntukpenggemaraktivitasekstrem lokasibulanmadu tempatyangbelumpopuler berjiwapetualang ,"Sulawesi Utara, Indonesia",18926
Indonesia,Makassar,Makassar,tur aktivitasluarruangan transportasi tempatbelanja pemandangandantengara wisataalamdantaman spadankebugaran turdenganperahudanolahragaair hiburanmalam makanandanminuman hiburandanpermainan tamanairdantamanhiburan cocokuntukanakanak masukgratis hargaterjangkau cocokuntukpasangan bagussaathujan cocokuntukkelompokbesar cocokuntukpenggemaraktivitasekstrem tempatyangbelumpopuler berjiwapetualang ,"Sulawesi Selatan, Indonesia",29012
Indonesia,Raja Ampat,Raja Ampat,aktivitasluarruangan wisataalamdantaman tur turdenganperahudanolahragaair pemandangandantengara transportasi cocokuntukpasangan cocokuntukpenggemaraktivitasekstrem berjiwapetualang hargaterjangkau cocokuntukkelompokbesar lokasibulanmadu cocokuntukanakanak tempatyangbelumpopuler masukgratis ,"Papua Barat, Indonesia",4433
Indonesia,Lembang,Lembang,wisataalamdantaman pemandangandantengara aktivitasluarruangan tempatbelanja museum spadankebugaran tur kebunbinatangdanakuarium tamanairdantamanhiburan hiburandanpermainan cocokuntukanakanak hargaterjangkau cocokuntukkelompokbesar cocokuntukpasangan berjiwapetualang lokasibulanmadu cocokuntukpenggemaraktivitasekstrem tempatyangbelumpopuler masukgratis bagussaathujan ,"Jawa Barat, Indonesia",7598
Indonesia,Kedewatan,Kedewatan,tur aktivitasluarruangan turdenganperahudanolahragaair tempatbelanja spadankebugaran kursusdansanggar museum hiburandanpermainan transportasi hargaterjangkau cocokuntukanakanak cocokuntukkelompokbesar lokasibulanmadu cocokuntukpenggemaraktivitasekstrem masukgratis berjiwapetualang bagussaathujan ,"Ubud, Indonesia",14496
Indonesia,Kepulauan Gili,Kepulauan Gili,aktivitasluarruangan tur turdenganperahudanolahragaair spadankebugaran transportasi hiburanmalam kursusdansanggar hiburandanpermainan wisataalamdantaman tempatbelanja makanandanminuman pemandangandantengara cocokuntukpasangan hargaterjangkau bagussaathujan cocokuntukpenggemaraktivitasekstrem cocokuntukkelompokbesar lokasibulanmadu berjiwapetualang cocokuntukanakanak masukgratis tempatyangbelumpopuler ,"Pemenang, Indonesia",160062
Indonesia,Tawangmangu,Tawangmangu,pemandangandantengara wisataalamdantaman tur tamanairdantamanhiburan hiburandanpermainan cocokuntukanakanak masukgratis ,"Jawa Tengah, Indonesia",439
Indonesia,Sukawati,Sukawati,tur aktivitasluarruangan tempatbelanja turdenganperahudanolahragaair pemandangandantengara kursusdansanggar museum wisataalamdantaman spadankebugaran transportasi makanandanminuman hiburandanpermainan kebunbinatangdanakuarium konserdanpertunjukan cocokuntukpasangan cocokuntukanakanak cocokuntukkelompokbesar bagussaathujan hargaterjangkau lokasibulanmadu masukgratis cocokuntukpenggemaraktivitasekstrem tempatyangbelumpopuler berjiwapetualang ,"Gianyar Regency, Indonesia",17164
Indonesia,Kedonganan,Kedonganan,tur aktivitasluarruangan spadankebugaran turdenganperahudanolahragaair cocokuntukpasangan cocokuntukanakanak cocokuntukkelompokbesar lokasibulanmadu cocokuntukpenggemaraktivitasekstrem bagussaathujan ,"Jimbaran, Indonesia",4181
Indonesia,Serpong,Serpong,spadankebugaran hiburandanpermainan tempatbelanja pemandangandantengara wisataalamdantaman hiburanmalam tamanairdantamanhiburan makanandanminuman kursusdansanggar cocokuntukanakanak hargaterjangkau masukgratis bagussaathujan cocokuntukpasangan cocokuntukkelompokbesar ,"Banten Province, Indonesia",5426
Indonesia,Pulau Weh,Pulau Weh,aktivitasluarruangan tur turdenganperahudanolahragaair wisataalamdantaman pemandangandantengara transportasi makanandanminuman spadankebugaran hargaterjangkau cocokuntukkelompokbesar cocokuntukpasangan cocokuntukpenggemaraktivitasekstrem cocokuntukanakanak lokasibulanmadu masukgratis bagussaathujan tempatyangbelumpopuler berjiwapetualang ,"Aceh, Indonesia",4251
Indonesia,Kepulauan Mentawai,Kepulauan Mentawai,aktivitasluarruangan tur turdenganperahudanolahragaair wisataalamdantaman hiburandanpermainan transportasi ,"West Sumatra, Indonesia",938
Indonesia,Jepara,Jepara,aktivitasluarruangan wisataalamdantaman tur transportasi pemandangandantengara turdenganperahudanolahragaair hiburandanpermainan museum tamanairdantamanhiburan cocokuntukanakanak hargaterjangkau cocokuntukkelompokbesar bagussaathujan ,"Jawa Tengah, Indonesia",1793
Indonesia,Banda Aceh,Banda Aceh,pemandangandantengara wisataalamdantaman aktivitasluarruangan tur tempatbelanja transportasi museum turdenganperahudanolahragaair makanandanminuman spadankebugaran tamanairdantamanhiburan cocokuntukanakanak masukgratis hargaterjangkau cocokuntukkelompokbesar bagussaathujan cocokuntukpasangan lokasibulanmadu ,"Aceh, Indonesia",4984
Indonesia,Rantepao,Rantepao,tur pemandangandantengara aktivitasluarruangan tempatbelanja spadankebugaran transportasi turdenganperahudanolahragaair wisataalamdantaman hargaterjangkau cocokuntukkelompokbesar cocokuntukpasangan masukgratis lokasibulanmadu bagussaathujan cocokuntukanakanak cocokuntukpenggemaraktivitasekstrem berjiwapetualang ,"Sulawesi Selatan, Indonesia",4301
Indonesia,Samarinda,Samarinda,tempatbelanja pemandangandantengara tur wisataalamdantaman aktivitasluarruangan spadankebugaran tamanairdantamanhiburan hiburanmalam turdenganperahudanolahragaair hiburandanpermainan transportasi cocokuntukanakanak masukgratis bagussaathujan hargaterjangkau cocokuntukkelompokbesar cocokuntukpasangan ,"Kalimantan Timur, Indonesia",3654
Indonesia,Pontianak,Pontianak,pemandangandantengara tempatbelanja tur transportasi makanandanminuman spadankebugaran museum wisataalamdantaman aktivitasluarruangan kursusdansanggar tamanairdantamanhiburan hiburandanpermainan cocokuntukanakanak hargaterjangkau masukgratis cocokuntukkelompokbesar bagussaathujan cocokuntukpasangan cocokuntukpenggemaraktivitasekstrem ,"Kalimantan Barat, Indonesia",8134
Indonesia,Parapat,Parapat,tempatbelanja pemandangandantengara wisataalamdantaman aktivitasluarruangan hargaterjangkau cocokuntukpasangan cocokuntukanakanak cocokuntukkelompokbesar tempatyangbelumpopuler masukgratis ,"Sumatera Utara, Indonesia",732
Indonesia,Sumatra,Sumatra,aktivitasluarruangan wisataalamdantaman tur pemandangandantengara tempatbelanja turdenganperahudanolahragaair transportasi spadankebugaran museum makanandanminuman hiburanmalam hiburandanpermainan tamanairdantamanhiburan kursusdansanggar kebunbinatangdanakuarium hargaterjangkau cocokuntukanakanak cocokuntukkelompokbesar masukgratis cocokuntukpasangan cocokuntukpenggemaraktivitasekstrem bagussaathujan berjiwapetualang lokasibulanmadu tempatyangbelumpopuler ,Indonesia,141687
Indonesia,Singaraja,Singaraja,tur aktivitasluarruangan transportasi turdenganperahudanolahragaair wisataalamdantaman pemandangandantengara spadankebugaran tempatbelanja hiburanmalam makanandanminuman museum kursusdansanggar cocokuntukpasangan hargaterjangkau cocokuntukanakanak cocokuntukkelompokbesar cocokuntukpenggemaraktivitasekstrem lokasibulanmadu bagussaathujan berjiwapetualang tempatyangbelumpopuler masukgratis ,"Buleleng, Indonesia",12152
Indonesia,Banjarmasin,Banjarmasin,pemandangandantengara tempatbelanja wisataalamdantaman aktivitasluarruangan tamanairdantamanhiburan spadankebugaran tur kebunbinatangdanakuarium makanandanminuman museum hiburandanpermainan acara hargaterjangkau cocokuntukanakanak masukgratis cocokuntukkelompokbesar cocokuntukpenggemaraktivitasekstrem bagussaathujan ,"Kalimantan Selatan, Indonesia",5862
Indonesia,Kintamani,Kintamani,tur aktivitasluarruangan pemandangandantengara transportasi turdenganperahudanolahragaair wisataalamdantaman spadankebugaran tempatbelanja museum cocokuntukpasangan hargaterjangkau cocokuntukkelompokbesar cocokuntukpenggemaraktivitasekstrem berjiwapetualang lokasibulanmadu cocokuntukanakanak masukgratis tempatyangbelumpopuler bagussaathujan ,"Bangli, Indonesia",16390
Indonesia,Tegal,Tegal,wisataalamdantaman pemandangandantengara tempatbelanja tur hiburandanpermainan kursusdansanggar aktivitasluarruangan cocokuntukanakanak hargaterjangkau cocokuntukpasangan masukgratis ,"Jawa Tengah, Indonesia",986
Indonesia,Salatiga,Salatiga,wisataalamdantaman tur aktivitasluarruangan tamanairdantamanhiburan hiburandanpermainan tempatbelanja spadankebugaran kursusdansanggar pemandangandantengara transportasi hargaterjangkau cocokuntukanakanak cocokuntukkelompokbesar cocokuntukpenggemaraktivitasekstrem tempatyangbelumpopuler berjiwapetualang ,"Jawa Tengah, Indonesia",2073
Indonesia,Kepulauan Togian,Kepulauan Togian,aktivitasluarruangan tur turdenganperahudanolahragaair wisataalamdantaman cocokuntukpasangan hargaterjangkau cocokuntukpenggemaraktivitasekstrem cocokuntukanakanak cocokuntukkelompokbesar masukgratis ,"Sulawesi Tengah, Indonesia",2516
Indonesia,Jember,Jember,wisataalamdantaman aktivitasluarruangan tur transportasi pemandangandantengara tempatbelanja tamanairdantamanhiburan turdenganperahudanolahragaair hiburandanpermainan cocokuntukanakanak hargaterjangkau cocokuntukkelompokbesar masukgratis berjiwapetualang bagussaathujan ,"Jawa Timur, Indonesia",2916
Indonesia,Padangbai,Padangbai,tur aktivitasluarruangan turdenganperahudanolahragaair transportasi spadankebugaran hiburanmalam tempatbelanja kursusdansanggar pemandangandantengara wisataalamdantaman cocokuntukpasangan hargaterjangkau cocokuntukpenggemaraktivitasekstrem bagussaathujan lokasibulanmadu cocokuntukanakanak cocokuntukkelompokbesar masukgratis berjiwapetualang ,"Bali, Indonesia",7686
Indonesia,Lagoi,Lagoi,aktivitasluarruangan tur spadankebugaran turdenganperahudanolahragaair wisataalamdantaman hiburanmalam tempatbelanja pemandangandantengara kebunbinatangdanakuarium hiburandanpermainan cocokuntukpasangan cocokuntukanakanak bagussaathujan cocokuntukkelompokbesar hargaterjangkau lokasibulanmadu cocokuntukpenggemaraktivitasekstrem masukgratis berjiwapetualang ,"Bintan, Indonesia",13827
Indonesia,Karangasem,Karangasem,tur aktivitasluarruangan turdenganperahudanolahragaair transportasi pemandangandantengara spadankebugaran wisataalamdantaman tempatbelanja kursusdansanggar hiburanmalam makanandanminuman museum hiburandanpermainan cocokuntukpasangan hargaterjangkau lokasibulanmadu cocokuntukanakanak cocokuntukkelompokbesar cocokuntukpenggemaraktivitasekstrem bagussaathujan berjiwapetualang masukgratis tempatyangbelumpopuler ,"Bali, Indonesia",109795
Indonesia,Ambon,Ambon,wisataalamdantaman aktivitasluarruangan pemandangandantengara tempatbelanja tur turdenganperahudanolahragaair spadankebugaran museum transportasi hargaterjangkau cocokuntukanakanak masukgratis cocokuntukkelompokbesar cocokuntukpasangan bagussaathujan cocokuntukpenggemaraktivitasekstrem ,"Kepulauan Maluku, Indonesia",3372
Indonesia,Munduk,Munduk,aktivitasluarruangan tur transportasi wisataalamdantaman makanandanminuman kursusdansanggar spadankebugaran pemandangandantengara turdenganperahudanolahragaair hargaterjangkau cocokuntukanakanak cocokuntukpasangan cocokuntukkelompokbesar tempatyangbelumpopuler lokasibulanmadu bagussaathujan ,"Banjar, Indonesia",8625
Indonesia,Kediri,Kediri,pemandangandantengara wisataalamdantaman tempatbelanja spadankebugaran hiburandanpermainan museum tamanairdantamanhiburan aktivitasluarruangan hiburanmalam tur turdenganperahudanolahragaair konserdanpertunjukan cocokuntukanakanak masukgratis hargaterjangkau cocokuntukkelompokbesar cocokuntukpenggemaraktivitasekstrem ,"Jawa Timur, Indonesia",2037
Indonesia,Jawa Barat,Jawa Barat,wisataalamdantaman aktivitasluarruangan tur pemandangandantengara tempatbelanja spadankebugaran turdenganperahudanolahragaair transportasi hiburandanpermainan tamanairdantamanhiburan museum hiburanmalam makanandanminuman kursusdansanggar kebunbinatangdanakuarium cocokuntukanakanak hargaterjangkau cocokuntukkelompokbesar masukgratis cocokuntukpasangan bagussaathujan cocokuntukpenggemaraktivitasekstrem berjiwapetualang tempatyangbelumpopuler lokasibulanmadu ,"Jawa, Indonesia",265764
Indonesia,Jawa Timur,Jawa Timur,aktivitasluarruangan tur wisataalamdantaman pemandangandantengara transportasi tempatbelanja turdenganperahudanolahragaair spadankebugaran tamanairdantamanhiburan museum hiburandanpermainan hiburanmalam makanandanminuman kursusdansanggar kebunbinatangdanakuarium hargaterjangkau cocokuntukanakanak cocokuntukkelompokbesar cocokuntukpasangan masukgratis bagussaathujan cocokuntukpenggemaraktivitasekstrem berjiwapetualang tempatyangbelumpopuler lokasibulanmadu ,"Jawa, Indonesia",183922
Indonesia,Depok,Depok,tur aktivitasluarruangan spadankebugaran transportasi tempatbelanja turdenganperahudanolahragaair hiburandanpermainan makanandanminuman kursusdansanggar pemandangandantengara museum bagussaathujan cocokuntukpasangan hargaterjangkau cocokuntukanakanak lokasibulanmadu masukgratis ,"Jawa Barat, Indonesia",2758
Indonesia,Kecamatan Kuta,Kecamatan Kuta,tur aktivitasluarruangan spadankebugaran turdenganperahudanolahragaair transportasi tempatbelanja hiburanmalam makanandanminuman kursusdansanggar hiburandanpermainan museum pemandangandantengara wisataalamdantaman konserdanpertunjukan tamanairdantamanhiburan cocokuntukpasangan bagussaathujan hargaterjangkau cocokuntukanakanak cocokuntukkelompokbesar lokasibulanmadu masukgratis cocokuntukpenggemaraktivitasekstrem berjiwapetualang tempatyangbelumpopuler ,"Bali, Indonesia",977574
Indonesia,Palangkaraya,Palangkaraya,wisataalamdantaman aktivitasluarruangan tur pemandangandantengara turdenganperahudanolahragaair hiburandanpermainan spadankebugaran kursusdansanggar museum transportasi hargaterjangkau cocokuntukanakanak cocokuntukkelompokbesar cocokuntukpasangan berjiwapetualang cocokuntukpenggemaraktivitasekstrem masukgratis bagussaathujan tempatyangbelumpopuler ,"Kalimantan Tengah, Indonesia",1768
Indonesia,Situbondo,Situbondo,wisataalamdantaman aktivitasluarruangan tur pemandangandantengara hargaterjangkau cocokuntukanakanak cocokuntukkelompokbesar cocokuntukpasangan cocokuntukpenggemaraktivitasekstrem masukgratis berjiwapetualang ,"Jawa Timur, Indonesia",634
Indonesia,Mojokerto,Mojokerto,pemandangandantengara wisataalamdantaman aktivitasluarruangan tempatbelanja spadankebugaran tur museum tamanairdantamanhiburan turdenganperahudanolahragaair hiburandanpermainan hargaterjangkau cocokuntukkelompokbesar cocokuntukanakanak bagussaathujan ,"Jawa Timur, Indonesia",863
Indonesia,Carita,Carita,tur aktivitasluarruangan turdenganperahudanolahragaair wisataalamdantaman cocokuntukpasangan cocokuntukanakanak bagussaathujan ,"Labuhan, Indonesia",188
Indonesia,Mengwi,Mengwi,tur aktivitasluarruangan pemandangandantengara turdenganperahudanolahragaair wisataalamdantaman transportasi museum tempatbelanja makanandanminuman spadankebugaran kursusdansanggar hiburandanpermainan konserdanpertunjukan cocokuntukanakanak cocokuntukpasangan hargaterjangkau cocokuntukkelompokbesar bagussaathujan lokasibulanmadu cocokuntukpenggemaraktivitasekstrem tempatyangbelumpopuler masukgratis berjiwapetualang ,"Bali, Indonesia",5927
Indonesia,Tampaksiring,Tampaksiring,tur aktivitasluarruangan pemandangandantengara turdenganperahudanolahragaair tempatbelanja museum tamanairdantamanhiburan spadankebugaran kursusdansanggar cocokuntukpasangan hargaterjangkau cocokuntukkelompokbesar cocokuntukanakanak masukgratis lokasibulanmadu tempatyangbelumpopuler bagussaathujan cocokuntukpenggemaraktivitasekstrem berjiwapetualang ,"Gianyar Regency, Indonesia",8115
Indonesia,Pasuruan,Pasuruan,wisataalamdantaman pemandangandantengara aktivitasluarruangan tempatbelanja tur museum tamanairdantamanhiburan cocokuntukanakanak hargaterjangkau cocokuntukkelompokbesar cocokuntukpasangan lokasibulanmadu masukgratis ,"Jawa Timur, Indonesia",1723
Indonesia,Nusa Tenggara Barat,Nusa Tenggara Barat,tur aktivitasluarruangan turdenganperahudanolahragaair transportasi wisataalamdantaman spadankebugaran tempatbelanja pemandangandantengara kursusdansanggar makanandanminuman hiburanmalam hiburandanpermainan museum tamanairdantamanhiburan kebunbinatangdanakuarium cocokuntukpasangan hargaterjangkau cocokuntukkelompokbesar cocokuntukpenggemaraktivitasekstrem bagussaathujan berjiwapetualang cocokuntukanakanak lokasibulanmadu masukgratis tempatyangbelumpopuler ,Indonesia,276032
Indonesia,Cianjur,Cianjur,pemandangandantengara wisataalamdantaman tur aktivitasluarruangan makanandanminuman transportasi hiburanmalam kursusdansanggar cocokuntukpasangan hargaterjangkau cocokuntukkelompokbesar cocokuntukanakanak lokasibulanmadu cocokuntukpenggemaraktivitasekstrem tempatyangbelumpopuler ,"Jawa Barat, Indonesia",1109
Indonesia,Pulau Bangka,Pulau Bangka,wisataalamdantaman aktivitasluarruangan pemandangandantengara tur turdenganperahudanolahragaair tempatbelanja transportasi hiburanmalam makanandanminuman museum hargaterjangkau cocokuntukanakanak cocokuntukkelompokbesar masukgratis lokasibulanmadu cocokuntukpasangan cocokuntukpenggemaraktivitasekstrem tempatyangbelumpopuler berjiwapetualang bagussaathujan ,"Kepulauan Bangka Belitung, Indonesia",2811
Indonesia,Pulau Bangka,Pulau Bangka,wisataalamdantaman aktivitasluarruangan pemandangandantengara tur turdenganperahudanolahragaair tempatbelanja transportasi hiburanmalam makanandanminuman museum hargaterjangkau cocokuntukanakanak cocokuntukkelompokbesar masukgratis lokasibulanmadu cocokuntukpasangan cocokuntukpenggemaraktivitasekstrem tempatyangbelumpopuler berjiwapetualang bagussaathujan ,"Sulawesi Utara, Indonesia",911
Indonesia,Jayapura,Jayapura,wisataalamdantaman pemandangandantengara aktivitasluarruangan tempatbelanja tur museum turdenganperahudanolahragaair masukgratis cocokuntukkelompokbesar hargaterjangkau cocokuntukanakanak cocokuntukpenggemaraktivitasekstrem tempatyangbelumpopuler berjiwapetualang ,"Papua, Indonesia",1655
Indonesia,Sorong,Sorong,aktivitasluarruangan tur turdenganperahudanolahragaair wisataalamdantaman pemandangandantengara transportasi cocokuntukkelompokbesar cocokuntukpasangan cocokuntukanakanak cocokuntukpenggemaraktivitasekstrem berjiwapetualang hargaterjangkau lokasibulanmadu tempatyangbelumpopuler masukgratis ,"Papua Barat, Indonesia",2620
Indonesia,Pangkalan Bun,Pangkalan Bun,tur aktivitasluarruangan turdenganperahudanolahragaair transportasi tempatbelanja wisataalamdantaman pemandangandantengara cocokuntukpasangan cocokuntukanakanak cocokuntukkelompokbesar berjiwapetualang hargaterjangkau cocokuntukpenggemaraktivitasekstrem lokasibulanmadu tempatyangbelumpopuler bagussaathujan ,"Kalimantan Tengah, Indonesia",2365
Indonesia,Bitung,Bitung,tur aktivitasluarruangan wisataalamdantaman pemandangandantengara turdenganperahudanolahragaair transportasi museum hargaterjangkau cocokuntukpasangan cocokuntukanakanak berjiwapetualang cocokuntukkelompokbesar cocokuntukpenggemaraktivitasekstrem tempatyangbelumpopuler bagussaathujan ,"Sulawesi Utara, Indonesia",3743
Indonesia,Pematang Siantar,Pematang Siantar,pemandangandantengara wisataalamdantaman tempatbelanja kebunbinatangdanakuarium tamanairdantamanhiburan hiburandanpermainan transportasi aktivitasluarruangan hargaterjangkau cocokuntukanakanak cocokuntukkelompokbesar masukgratis ,"Sumatera Utara, Indonesia",696
Indonesia,Palu,Palu,wisataalamdantaman aktivitasluarruangan pemandangandantengara tur tempatbelanja spadankebugaran museum turdenganperahudanolahragaair hargaterjangkau cocokuntukanakanak cocokuntukkelompokbesar masukgratis ,"Sulawesi Tengah, Indonesia",1442
Indonesia,Wonosobo,Wonosobo,wisataalamdantaman pemandangandantengara aktivitasluarruangan tur transportasi tempatbelanja spadankebugaran tamanairdantamanhiburan cocokuntukanakanak hargaterjangkau masukgratis cocokuntukpasangan cocokuntukkelompokbesar lokasibulanmadu cocokuntukpenggemaraktivitasekstrem tempatyangbelumpopuler berjiwapetualang ,"Jawa Tengah, Indonesia",1448
Indonesia,Trawas,Trawas,pemandangandantengara tamanairdantamanhiburan wisataalamdantaman cocokuntukanakanak hargaterjangkau ,"Jawa Timur, Indonesia",310
Indonesia,Prigen,Prigen,pemandangandantengara wisataalamdantaman aktivitasluarruangan tur kebunbinatangdanakuarium berjiwapetualang cocokuntukpasangan hargaterjangkau cocokuntukanakanak cocokuntukkelompokbesar ,"Jawa Timur, Indonesia",966
Indonesia,Parangtritis,Parangtritis,pemandangandantengara aktivitasluarruangan wisataalamdantaman museum cocokuntukpasangan hargaterjangkau cocokuntukanakanak masukgratis cocokuntukkelompokbesar lokasibulanmadu cocokuntukpenggemaraktivitasekstrem ,"Yogyakarta, Indonesia",730
Indonesia,Kupang,Kupang,wisataalamdantaman aktivitasluarruangan tempatbelanja pemandangandantengara tamanairdantamanhiburan hiburandanpermainan hiburanmalam tur museum turdenganperahudanolahragaair hargaterjangkau cocokuntukanakanak masukgratis cocokuntukkelompokbesar cocokuntukpasangan cocokuntukpenggemaraktivitasekstrem berjiwapetualang ,"Timor Barat, Indonesia",3464
Indonesia,Seririt,Seririt,tur kursusdansanggar pemandangandantengara tamanairdantamanhiburan hargaterjangkau cocokuntukpasangan cocokuntukanakanak cocokuntukkelompokbesar lokasibulanmadu tempatyangbelumpopuler masukgratis ,"Kabupaten Buleleng, Indonesia",2078
Indonesia,Jawa Tengah,Jawa Tengah,wisataalamdantaman pemandangandantengara aktivitasluarruangan tur tempatbelanja turdenganperahudanolahragaair transportasi museum spadankebugaran hiburandanpermainan tamanairdantamanhiburan hiburanmalam makanandanminuman kursusdansanggar kebunbinatangdanakuarium cocokuntukanakanak hargaterjangkau cocokuntukkelompokbesar masukgratis cocokuntukpasangan bagussaathujan cocokuntukpenggemaraktivitasekstrem lokasibulanmadu tempatyangbelumpopuler berjiwapetualang ,"Jawa, Indonesia",117705
Indonesia,Bantul,Bantul,tur wisataalamdantaman aktivitasluarruangan pemandangandantengara transportasi tempatbelanja kursusdansanggar turdenganperahudanolahragaair hiburandanpermainan museum makanandanminuman tamanairdantamanhiburan sumberinformasiwisatawan cocokuntukanakanak cocokuntukpasangan hargaterjangkau cocokuntukkelompokbesar tempatyangbelumpopuler cocokuntukpenggemaraktivitasekstrem lokasibulanmadu masukgratis bagussaathujan ,"Yogyakarta, Indonesia",3668
Indonesia,Gunung Kidul,Gunung Kidul,wisataalamdantaman aktivitasluarruangan pemandangandantengara tur turdenganperahudanolahragaair hargaterjangkau cocokuntukanakanak cocokuntukkelompokbesar cocokuntukpenggemaraktivitasekstrem berjiwapetualang masukgratis cocokuntukpasangan lokasibulanmadu tempatyangbelumpopuler ,"Jawa, Indonesia",1829
Indonesia,Pulau Rote,Pulau Rote,aktivitasluarruangan wisataalamdantaman tur turdenganperahudanolahragaair hiburanmalam transportasi hargaterjangkau cocokuntukanakanak cocokuntukkelompokbesar masukgratis ,"Timor Barat, Indonesia",856
Indonesia,Pulau Komodo,Pulau Komodo,tur aktivitasluarruangan turdenganperahudanolahragaair wisataalamdantaman transportasi pemandangandantengara cocokuntukpasangan cocokuntukkelompokbesar berjiwapetualang cocokuntukpenggemaraktivitasekstrem hargaterjangkau cocokuntukanakanak lokasibulanmadu tempatyangbelumpopuler masukgratis ,"Nusa Tenggara Timur, Indonesia",3762
Indonesia,Pulau Karimun,Pulau Karimun,wisataalamdantaman aktivitasluarruangan spadankebugaran ,"Riau Archipelago, Indonesia",206
Indonesia,Cilacap,Cilacap,wisataalamdantaman pemandangandantengara aktivitasluarruangan museum hiburanmalam tempatbelanja spadankebugaran cocokuntukanakanak hargaterjangkau cocokuntukkelompokbesar masukgratis ,"Jawa Tengah, Indonesia",1156
Indonesia,Tanjung Pinang,Tanjung Pinang,pemandangandantengara tur aktivitasluarruangan transportasi wisataalamdantaman hiburanmalam tempatbelanja turdenganperahudanolahragaair spadankebugaran kursusdansanggar tamanairdantamanhiburan masukgratis hargaterjangkau cocokuntukanakanak cocokuntukkelompokbesar bagussaathujan cocokuntukpasangan ,"Bintan, Indonesia",2537
Indonesia,Berau,Berau,wisataalamdantaman pemandangandantengara aktivitasluarruangan tur turdenganperahudanolahragaair transportasi tempatbelanja hargaterjangkau cocokuntukkelompokbesar masukgratis ,"Kalimantan Timur, Indonesia",691
Indonesia,Pacitan,Pacitan,wisataalamdantaman aktivitasluarruangan pemandangandantengara tur tamanairdantamanhiburan hargaterjangkau cocokuntukanakanak cocokuntukkelompokbesar tempatyangbelumpopuler cocokuntukpasangan cocokuntukpenggemaraktivitasekstrem masukgratis lokasibulanmadu ,"Jawa Timur, Indonesia",1183
Indonesia,Sibolga,Sibolga,wisataalamdantaman pemandangandantengara ,"Sumatera Utara, Indonesia",134
Indonesia,Sidoarjo,Sidoarjo,tur aktivitasluarruangan tempatbelanja pemandangandantengara transportasi wisataalamdantaman spadankebugaran tamanairdantamanhiburan turdenganperahudanolahragaair hargaterjangkau cocokuntukpasangan cocokuntukanakanak cocokuntukkelompokbesar cocokuntukpenggemaraktivitasekstrem masukgratis berjiwapetualang bagussaathujan ,"Jawa Timur, Indonesia",2826
Indonesia,Medewi,Medewi,tur turdenganperahudanolahragaair aktivitasluarruangan kursusdansanggar transportasi hargaterjangkau cocokuntukanakanak cocokuntukpenggemaraktivitasekstrem bagussaathujan ,"Bali, Indonesia",588
Indonesia,Ungaran,Ungaran,wisataalamdantaman pemandangandantengara tamanairdantamanhiburan hiburandanpermainan hargaterjangkau cocokuntukpenggemaraktivitasekstrem ,"Jawa Tengah, Indonesia",827
Indonesia,Sabang,Sabang,aktivitasluarruangan tur turdenganperahudanolahragaair wisataalamdantaman transportasi pemandangandantengara spadankebugaran hargaterjangkau cocokuntukkelompokbesar cocokuntukpasangan cocokuntukanakanak lokasibulanmadu cocokuntukpenggemaraktivitasekstrem masukgratis berjiwapetualang tempatyangbelumpopuler bagussaathujan ,"Pulau Weh, Indonesia",2852
Indonesia,Pekalongan,Pekalongan,tempatbelanja wisataalamdantaman pemandangandantengara hiburanmalam kebunbinatangdanakuarium museum aktivitasluarruangan bagussaathujan hargaterjangkau cocokuntukanakanak masukgratis ,"Jawa Tengah, Indonesia",1695
Indonesia,Karawang,Karawang,pemandangandantengara aktivitasluarruangan tamanairdantamanhiburan tempatbelanja museum wisataalamdantaman cocokuntukanakanak masukgratis ,"Kabupaten Karawang, Indonesia",2556
Indonesia,Klungkung,Klungkung,tur aktivitasluarruangan turdenganperahudanolahragaair pemandangandantengara transportasi wisataalamdantaman kursusdansanggar museum tempatbelanja makanandanminuman spadankebugaran kebunbinatangdanakuarium hiburandanpermainan cocokuntukpasangan hargaterjangkau cocokuntukanakanak cocokuntukkelompokbesar lokasibulanmadu cocokuntukpenggemaraktivitasekstrem masukgratis bagussaathujan ,"Bali, Indonesia",2310
Indonesia,Tejakula,Tejakula,tur aktivitasluarruangan turdenganperahudanolahragaair pemandangandantengara tempatbelanja spadankebugaran wisataalamdantaman kursusdansanggar transportasi cocokuntukpasangan hargaterjangkau lokasibulanmadu masukgratis cocokuntukanakanak cocokuntukkelompokbesar tempatyangbelumpopuler bagussaathujan ,"Kabupaten Buleleng, Indonesia",3650
Indonesia,Purwakarta,Purwakarta,pemandangandantengara wisataalamdantaman tur aktivitasluarruangan tamanairdantamanhiburan tempatbelanja museum transportasi hargaterjangkau cocokuntukanakanak cocokuntukkelompokbesar cocokuntukpasangan masukgratis berjiwapetualang ,"Jawa Barat, Indonesia",1371
Indonesia,Mangsit,Mangsit,spadankebugaran cocokuntukpasangan bagussaathujan ,"Senggigi, Indonesia",11059
Indonesia,Mambal,Mambal,tempatbelanja spadankebugaran tur aktivitasluarruangan cocokuntukpasangan lokasibulanmadu masukgratis bagussaathujan ,"Ubud, Indonesia",2111
Indonesia,Kepulauan Anambas,Kepulauan Anambas,wisataalamdantaman hargaterjangkau cocokuntukanakanak cocokuntukkelompokbesar ,"Riau, Indonesia",221
Indonesia,Cipanas,Cipanas,pemandangandantengara tur ,"Jawa Barat, Indonesia",610
Indonesia,Ngaglik,Ngaglik,spadankebugaran ,"Sleman District, Indonesia",4685
Indonesia,Temanggung,Temanggung,pemandangandantengara wisataalamdantaman makanandanminuman tur tamanairdantamanhiburan hiburandanpermainan aktivitasluarruangan cocokuntukkelompokbesar cocokuntukpasangan hargaterjangkau cocokuntukanakanak lokasibulanmadu cocokuntukpenggemaraktivitasekstrem berjiwapetualang ,"Jawa Tengah, Indonesia",223
Indonesia,Keramas,Keramas,aktivitasluarruangan tur makanandanminuman pemandangandantengara spadankebugaran kursusdansanggar hiburandanpermainan wisataalamdantaman transportasi cocokuntukpasangan hargaterjangkau bagussaathujan cocokuntukkelompokbesar masukgratis ,"Blahbatuh, Indonesia",2192
Indonesia,Bondalem,Bondalem,tur turdenganperahudanolahragaair aktivitasluarruangan pemandangandantengara ,"Tejakula, Indonesia",716
Indonesia,Bengkulu,Bengkulu,wisataalamdantaman aktivitasluarruangan pemandangandantengara tur museum tempatbelanja transportasi acara hargaterjangkau cocokuntukanakanak cocokuntukpasangan cocokuntukkelompokbesar masukgratis bagussaathujan ,"Provinsi Bengkulu, Indonesia",1713
Indonesia,Gili Gede,Gili Gede,tur turdenganperahudanolahragaair aktivitasluarruangan transportasi cocokuntukpasangan berjiwapetualang ,"Kepulauan Gili, Indonesia",872
Indonesia,Baturaden,Baturaden,wisataalamdantaman tur pemandangandantengara aktivitasluarruangan cocokuntukanakanak ,"Jawa Tengah, Indonesia",153
Indonesia,Bandar Neira,Bandar Neira,pemandangandantengara tur turdenganperahudanolahragaair aktivitasluarruangan museum wisataalamdantaman hargaterjangkau cocokuntukpasangan cocokuntukkelompokbesar cocokuntukpenggemaraktivitasekstrem masukgratis berjiwapetualang ,"Kepulauan Maluku, Indonesia",721
Indonesia,Kebumen,Kebumen,wisataalamdantaman aktivitasluarruangan pemandangandantengara tur kebunbinatangdanakuarium cocokuntukanakanak hargaterjangkau masukgratis ,"Jawa Tengah, Indonesia",514
Indonesia,Kepulauan Bangka Belitung,Kepulauan Bangka Belitung,aktivitasluarruangan wisataalamdantaman pemandangandantengara tur turdenganperahudanolahragaair museum transportasi tempatbelanja makanandanminuman spadankebugaran hiburanmalam hargaterjangkau cocokuntukanakanak masukgratis cocokuntukkelompokbesar cocokuntukpasangan lokasibulanmadu tempatyangbelumpopuler bagussaathujan cocokuntukpenggemaraktivitasekstrem berjiwapetualang ,"Sumatra, Indonesia",13105
Indonesia,Sumatera Utara,Sumatera Utara,aktivitasluarruangan tur wisataalamdantaman pemandangandantengara turdenganperahudanolahragaair transportasi tempatbelanja spadankebugaran hiburanmalam museum makanandanminuman kursusdansanggar hiburandanpermainan tamanairdantamanhiburan kebunbinatangdanakuarium hargaterjangkau cocokuntukkelompokbesar cocokuntukanakanak cocokuntukpasangan cocokuntukpenggemaraktivitasekstrem berjiwapetualang masukgratis bagussaathujan lokasibulanmadu tempatyangbelumpopuler ,"Sumatra, Indonesia",56180
Indonesia,Kudus,Kudus,pemandangandantengara museum hargaterjangkau cocokuntukanakanak masukgratis ,"Jawa Tengah, Indonesia",795
Indonesia,Mamuju,Mamuju,wisataalamdantaman pemandangandantengara ,"Sulawesi Barat, Indonesia",162
Indonesia,Lampung,Lampung,wisataalamdantaman aktivitasluarruangan pemandangandantengara tur tempatbelanja turdenganperahudanolahragaair tamanairdantamanhiburan transportasi spadankebugaran museum hiburandanpermainan acara cocokuntukanakanak hargaterjangkau cocokuntukkelompokbesar masukgratis cocokuntukpasangan cocokuntukpenggemaraktivitasekstrem bagussaathujan lokasibulanmadu tempatyangbelumpopuler berjiwapetualang ,"Sumatra, Indonesia",9184
Indonesia,Alor,Alor,aktivitasluarruangan tur turdenganperahudanolahragaair wisataalamdantaman pemandangandantengara kebunbinatangdanakuarium museum cocokuntukkelompokbesar cocokuntukpasangan hargaterjangkau cocokuntukpenggemaraktivitasekstrem masukgratis berjiwapetualang cocokuntukanakanak bagussaathujan ,"Nusa Tenggara Timur, Indonesia",684
Indonesia,Panakkukang,Panakkukang,tempatbelanja ,"Makassar, Indonesia",658
Indonesia,Bedugul,Bedugul,tur tempatbelanja aktivitasluarruangan pemandangandantengara turdenganperahudanolahragaair museum wisataalamdantaman cocokuntukpasangan masukgratis hargaterjangkau cocokuntukanakanak cocokuntukkelompokbesar tempatyangbelumpopuler berjiwapetualang cocokuntukpenggemaraktivitasekstrem bagussaathujan ,"Baturiti, Indonesia",1852
Indonesia,Kerobokan Kelod,Kerobokan Kelod,spadankebugaran tempatbelanja hiburanmalam aktivitasluarruangan tur kursusdansanggar makanandanminuman turdenganperahudanolahragaair hiburandanpermainan transportasi museum bagussaathujan cocokuntukpasangan hargaterjangkau cocokuntukanakanak cocokuntukkelompokbesar masukgratis berjiwapetualang ,"Kuta Utara, Indonesia",10551
Indonesia,Buleleng,Buleleng,tur aktivitasluarruangan turdenganperahudanolahragaair transportasi wisataalamdantaman spadankebugaran pemandangandantengara makanandanminuman kursusdansanggar hiburanmalam tempatbelanja hiburandanpermainan museum tamanairdantamanhiburan sumberinformasiwisatawan cocokuntukpasangan hargaterjangkau cocokuntukanakanak bagussaathujan cocokuntukkelompokbesar lokasibulanmadu cocokuntukpenggemaraktivitasekstrem masukgratis tempatyangbelumpopuler berjiwapetualang ,"Kabupaten Buleleng, Indonesia",40134
Indonesia,Buleleng,Buleleng,tur aktivitasluarruangan turdenganperahudanolahragaair transportasi wisataalamdantaman spadankebugaran pemandangandantengara makanandanminuman kursusdansanggar hiburanmalam tempatbelanja hiburandanpermainan museum tamanairdantamanhiburan sumberinformasiwisatawan cocokuntukpasangan hargaterjangkau cocokuntukanakanak bagussaathujan cocokuntukkelompokbesar lokasibulanmadu cocokuntukpenggemaraktivitasekstrem masukgratis tempatyangbelumpopuler berjiwapetualang ,"Buleleng, Indonesia",449
Indonesia,Pekutatan,Pekutatan,wisataalamdantaman cocokuntukpasangan hargaterjangkau cocokuntukanakanak masukgratis ,"Bali, Indonesia",1184
Indonesia,Tulungagung,Tulungagung,wisataalamdantaman aktivitasluarruangan tamanairdantamanhiburan transportasi hargaterjangkau cocokuntukanakanak cocokuntukpenggemaraktivitasekstrem masukgratis ,"Jawa Timur, Indonesia",813
Indonesia,Maumere,Maumere,aktivitasluarruangan tur pemandangandantengara wisataalamdantaman turdenganperahudanolahragaair tempatbelanja kursusdansanggar museum konserdanpertunjukan transportasi cocokuntukpasangan cocokuntukkelompokbesar hargaterjangkau cocokuntukanakanak masukgratis lokasibulanmadu cocokuntukpenggemaraktivitasekstrem tempatyangbelumpopuler berjiwapetualang ,"Flores, Indonesia",1754
Indonesia,Tomohon,Tomohon,wisataalamdantaman pemandangandantengara aktivitasluarruangan tur hargaterjangkau masukgratis cocokuntukanakanak cocokuntukkelompokbesar cocokuntukpasangan lokasibulanmadu cocokuntukpenggemaraktivitasekstrem tempatyangbelumpopuler berjiwapetualang ,"Sulawesi Utara, Indonesia",1627
Indonesia,Pulau Moyo,Pulau Moyo,tur turdenganperahudanolahragaair aktivitasluarruangan wisataalamdantaman hargaterjangkau cocokuntukkelompokbesar cocokuntukpasangan lokasibulanmadu cocokuntukpenggemaraktivitasekstrem berjiwapetualang ,"Nusa Tenggara Barat, Indonesia",301
Indonesia,Jombang,Jombang,pemandangandantengara wisataalamdantaman tempatbelanja tamanairdantamanhiburan tur hiburandanpermainan aktivitasluarruangan ,"Jawa Timur, Indonesia",355
Indonesia,Waisai,Waisai,aktivitasluarruangan tur turdenganperahudanolahragaair wisataalamdantaman pemandangandantengara transportasi hargaterjangkau cocokuntukanakanak lokasibulanmadu masukgratis ,"Raja Ampat, Indonesia",329
Indonesia,Pulau Simeulue,Pulau Simeulue,pemandangandantengara wisataalamdantaman aktivitasluarruangan ,"Aceh, Indonesia",369
Indonesia,Selong Belanak,Selong Belanak,aktivitasluarruangan tur turdenganperahudanolahragaair spadankebugaran wisataalamdantaman tempatbelanja makanandanminuman kursusdansanggar pemandangandantengara cocokuntukpasangan cocokuntukanakanak hargaterjangkau cocokuntukkelompokbesar lokasibulanmadu cocokuntukpenggemaraktivitasekstrem masukgratis berjiwapetualang bagussaathujan ,"Lombok, Indonesia",3044
Indonesia,Pulau Lembeh,Pulau Lembeh,wisataalamdantaman pemandangandantengara aktivitasluarruangan ,"Bitung, Indonesia",1484
Indonesia,Pejeng Kangin,Pejeng Kangin,spadankebugaran ,"Tampaksiring, Indonesia",329
Indonesia,Pulau Malenge,Pulau Malenge,tur aktivitasluarruangan turdenganperahudanolahragaair ,"Kepulauan Togian, Indonesia",331
Indonesia,Merek,Merek,pemandangandantengara wisataalamdantaman ,"Sumatera Utara, Indonesia",485
Indonesia,Kuta Utara,Kuta Utara,tur aktivitasluarruangan spadankebugaran turdenganperahudanolahragaair tempatbelanja kursusdansanggar transportasi makanandanminuman hiburandanpermainan hiburanmalam wisataalamdantaman pemandangandantengara museum tamanairdantamanhiburan konserdanpertunjukan cocokuntukpasangan bagussaathujan hargaterjangkau cocokuntukanakanak cocokuntukpenggemaraktivitasekstrem cocokuntukkelompokbesar masukgratis lokasibulanmadu berjiwapetualang tempatyangbelumpopuler ,"Bali, Indonesia",189170
Indonesia,Nganjuk,Nganjuk,pemandangandantengara wisataalamdantaman museum hargaterjangkau ,"Jawa Timur, Indonesia",140
Indonesia,Takengon,Takengon,pemandangandantengara wisataalamdantaman aktivitasluarruangan cocokuntukanakanak cocokuntukkelompokbesar masukgratis ,"Aceh, Indonesia",119
Indonesia,Pandeglang,Pandeglang,tur aktivitasluarruangan wisataalamdantaman turdenganperahudanolahragaair transportasi tamanairdantamanhiburan tempatbelanja pemandangandantengara cocokuntukanakanak cocokuntukpasangan cocokuntukkelompokbesar cocokuntukpenggemaraktivitasekstrem ,"Banten Province, Indonesia",287
Indonesia,Payakumbuh,Payakumbuh,pemandangandantengara wisataalamdantaman tempatbelanja hiburandanpermainan aktivitasluarruangan cocokuntukanakanak hargaterjangkau masukgratis tempatyangbelumpopuler berjiwapetualang ,"West Sumatra, Indonesia",498
Indonesia,Trenggalek,Trenggalek,wisataalamdantaman aktivitasluarruangan cocokuntukanakanak ,"Jawa Timur, Indonesia",138
Indonesia,Pakem,Pakem,pemandangandantengara tur hiburandanpermainan aktivitasluarruangan ,"Yogyakarta, Indonesia",182
Indonesia,Kaliurang,Kaliurang,tur pemandangandantengara wisataalamdantaman aktivitasluarruangan cocokuntukkelompokbesar berjiwapetualang hargaterjangkau ,"Jawa Tengah, Indonesia",183
Indonesia,Sengkang,Sengkang,tempatbelanja wisataalamdantaman cocokuntukpasangan hargaterjangkau cocokuntukanakanak ,"Sulawesi Selatan, Indonesia",393
Indonesia,Kalianda,Kalianda,wisataalamdantaman aktivitasluarruangan pemandangandantengara hargaterjangkau cocokuntukanakanak masukgratis ,"Lampung, Indonesia",172
Indonesia,Bondowoso,Bondowoso,wisataalamdantaman tur aktivitasluarruangan transportasi tempatbelanja makanandanminuman museum turdenganperahudanolahragaair ,"Jawa Timur, Indonesia",612
Indonesia,Padang Sidempuan,Padang Sidempuan,pemandangandantengara ,"Sumatera Utara, Indonesia",104
Indonesia,Sukapura,Sukapura,tur ,"Jawa Timur, Indonesia",716
Indonesia,Ponorogo,Ponorogo,wisataalamdantaman pemandangandantengara tempatbelanja tur hiburandanpermainan transportasi hargaterjangkau cocokuntukanakanak masukgratis ,"Jawa Timur, Indonesia",320
Indonesia,Bojonegoro,Bojonegoro,wisataalamdantaman tempatbelanja pemandangandantengara tamanairdantamanhiburan hiburandanpermainan ,"Jawa Timur, Indonesia",492
Indonesia,Pemaron,Pemaron,spadankebugaran cocokuntukpasangan bagussaathujan ,"Pantai Lovina, Indonesia",1366
Indonesia,Anturan,Anturan,tur spadankebugaran aktivitasluarruangan hiburanmalam transportasi makanandanminuman kursusdansanggar pemandangandantengara turdenganperahudanolahragaair wisataalamdantaman cocokuntukpasangan hargaterjangkau lokasibulanmadu bagussaathujan cocokuntukkelompokbesar tempatyangbelumpopuler masukgratis ,"Pantai Lovina, Indonesia",5012
Indonesia,Pulau Seram,Pulau Seram,wisataalamdantaman aktivitasluarruangan ,"Kepulauan Maluku, Indonesia",134
Indonesia,Sulawesi Utara,Sulawesi Utara,aktivitasluarruangan wisataalamdantaman tur turdenganperahudanolahragaair pemandangandantengara transportasi spadankebugaran tempatbelanja hiburanmalam hiburandanpermainan makanandanminuman museum tamanairdantamanhiburan kursusdansanggar hargaterjangkau cocokuntukanakanak cocokuntukpasangan masukgratis cocokuntukkelompokbesar cocokuntukpenggemaraktivitasekstrem bagussaathujan berjiwapetualang lokasibulanmadu tempatyangbelumpopuler ,"Sulawesi, Indonesia",26919
Indonesia,Banjarbaru,Banjarbaru,wisataalamdantaman pemandangandantengara aktivitasluarruangan museum spadankebugaran cocokuntukanakanak ,"Kalimantan Selatan, Indonesia",945
Indonesia,Morotai,Morotai,wisataalamdantaman pemandangandantengara aktivitasluarruangan masukgratis ,"Maluku Utara, Indonesia",132
Indonesia,Ende,Ende,pemandangandantengara wisataalamdantaman aktivitasluarruangan tur turdenganperahudanolahragaair tempatbelanja museum cocokuntukanakanak hargaterjangkau masukgratis cocokuntukpasangan cocokuntukkelompokbesar lokasibulanmadu ,"Flores, Indonesia",1461
Indonesia,Jembrana,Jembrana,wisataalamdantaman aktivitasluarruangan pemandangandantengara tur kebunbinatangdanakuarium museum tamanairdantamanhiburan hargaterjangkau masukgratis cocokuntukanakanak cocokuntukpenggemaraktivitasekstrem berjiwapetualang ,"Bali, Indonesia",350
Indonesia,Pupuan,Pupuan,tur aktivitasluarruangan makanandanminuman kursusdansanggar wisataalamdantaman cocokuntukpasangan hargaterjangkau cocokuntukkelompokbesar cocokuntukpenggemaraktivitasekstrem tempatyangbelumpopuler berjiwapetualang ,"Bali, Indonesia",610
Indonesia,Biak,Biak,wisataalamdantaman aktivitasluarruangan pemandangandantengara tempatbelanja makanandanminuman ,"Papua, Indonesia",301
Indonesia,Pererenan,Pererenan,kursusdansanggar makanandanminuman spadankebugaran tur aktivitasluarruangan turdenganperahudanolahragaair cocokuntukpasangan bagussaathujan ,"Canggu, Indonesia",1830
Indonesia,Tarutung,Tarutung,pemandangandantengara spadankebugaran wisataalamdantaman cocokuntukanakanak ,"Sumatera Utara, Indonesia",105
Indonesia,Wamena,Wamena,pemandangandantengara tur wisataalamdantaman aktivitasluarruangan tempatbelanja turdenganperahudanolahragaair cocokuntukkelompokbesar cocokuntukpenggemaraktivitasekstrem tempatyangbelumpopuler masukgratis ,"Papua, Indonesia",416
Indonesia,Merauke,Merauke,pemandangandantengara aktivitasluarruangan tur wisataalamdantaman turdenganperahudanolahragaair masukgratis ,"Papua, Indonesia",214
Indonesia,Pulau Pef,Pulau Pef,tur turdenganperahudanolahragaair aktivitasluarruangan ,"Raja Ampat, Indonesia",142
Indonesia,Riau Archipelago,Riau Archipelago,tur spadankebugaran aktivitasluarruangan transportasi tempatbelanja pemandangandantengara turdenganperahudanolahragaair wisataalamdantaman hiburanmalam makanandanminuman hiburandanpermainan kursusdansanggar tamanairdantamanhiburan konserdanpertunjukan kebunbinatangdanakuarium bagussaathujan hargaterjangkau cocokuntukpasangan cocokuntukanakanak cocokuntukkelompokbesar masukgratis lokasibulanmadu cocokuntukpenggemaraktivitasekstrem tempatyangbelumpopuler berjiwapetualang ,"Riau, Indonesia",87644
Indonesia,Melayang,Melayang,tur ,"Ubud, Indonesia",1232
Indonesia,Nembrala,Nembrala,tur turdenganperahudanolahragaair transportasi aktivitasluarruangan ,"Pulau Rote, Indonesia",458
Indonesia,Pandaan,Pandaan,tur pemandangandantengara tamanairdantamanhiburan aktivitasluarruangan masukgratis ,"Jawa Timur, Indonesia",104
Indonesia,Songan,Songan,tur aktivitasluarruangan pemandangandantengara spadankebugaran wisataalamdantaman transportasi cocokuntukpasangan cocokuntukanakanak ,"Kintamani, Indonesia",195
Indonesia,Kedisan,Kedisan,tur aktivitasluarruangan turdenganperahudanolahragaair cocokuntukpasangan hargaterjangkau cocokuntukanakanak lokasibulanmadu tempatyangbelumpopuler ,"Kintamani, Indonesia",1060
Indonesia,Blahbatuh,Blahbatuh,tur aktivitasluarruangan pemandangandantengara wisataalamdantaman spadankebugaran tempatbelanja makanandanminuman kursusdansanggar hiburandanpermainan museum turdenganperahudanolahragaair konserdanpertunjukan transportasi cocokuntukpasangan hargaterjangkau cocokuntukkelompokbesar cocokuntukanakanak cocokuntukpenggemaraktivitasekstrem bagussaathujan lokasibulanmadu tempatyangbelumpopuler masukgratis berjiwapetualang ,"Gianyar Regency, Indonesia",4083
Indonesia,Galang,Galang,wisataalamdantaman aktivitasluarruangan tur pemandangandantengara turdenganperahudanolahragaair hargaterjangkau cocokuntukkelompokbesar ,"Riau Archipelago, Indonesia",153
Indonesia,Purwodadi,Purwodadi,wisataalamdantaman pemandangandantengara tamanairdantamanhiburan aktivitasluarruangan cocokuntukanakanak ,"Jawa Tengah, Indonesia",123
Indonesia,Maros,Maros,wisataalamdantaman pemandangandantengara tamanairdantamanhiburan hargaterjangkau cocokuntukkelompokbesar cocokuntukanakanak cocokuntukpasangan cocokuntukpenggemaraktivitasekstrem berjiwapetualang lokasibulanmadu tempatyangbelumpopuler ,"Sulawesi Selatan, Indonesia",609
Indonesia,Penebel,Penebel,tur aktivitasluarruangan makanandanminuman kursusdansanggar pemandangandantengara spadankebugaran turdenganperahudanolahragaair transportasi tempatyangbelumpopuler hargaterjangkau cocokuntukanakanak cocokuntukpenggemaraktivitasekstrem masukgratis berjiwapetualang bagussaathujan ,"Bali, Indonesia",815
Indonesia,Provinsi Riau,Provinsi Riau,tempatbelanja pemandangandantengara wisataalamdantaman spadankebugaran aktivitasluarruangan hiburanmalam transportasi makanandanminuman tamanairdantamanhiburan tur hiburandanpermainan kebunbinatangdanakuarium museum sumberinformasiwisatawan hargaterjangkau cocokuntukanakanak masukgratis bagussaathujan cocokuntukkelompokbesar ,"Sumatra, Indonesia",14040
Indonesia,Sragen,Sragen,spadankebugaran museum hargaterjangkau cocokuntukanakanak ,"Jawa Tengah, Indonesia",207
Indonesia,Ciamis,Ciamis,pemandangandantengara wisataalamdantaman aktivitasluarruangan tur tempatbelanja museum tamanairdantamanhiburan hargaterjangkau cocokuntukanakanak cocokuntukkelompokbesar masukgratis lokasibulanmadu tempatyangbelumpopuler ,"Jawa Barat, Indonesia",539
Indonesia,Tenggarong,Tenggarong,wisataalamdantaman museum aktivitasluarruangan pemandangandantengara hiburandanpermainan tempatbelanja kebunbinatangdanakuarium hargaterjangkau cocokuntukanakanak bagussaathujan ,"Kalimantan Timur, Indonesia",204
Indonesia,Makale,Makale,pemandangandantengara hiburandanpermainan wisataalamdantaman masukgratis hargaterjangkau cocokuntukkelompokbesar cocokuntukanakanak ,"Sulawesi Selatan, Indonesia",283
Indonesia,Kepulauan Kai,Kepulauan Kai,wisataalamdantaman aktivitasluarruangan tur pemandangandantengara turdenganperahudanolahragaair masukgratis cocokuntukkelompokbesar cocokuntukpasangan hargaterjangkau cocokuntukanakanak cocokuntukpenggemaraktivitasekstrem bagussaathujan ,"Kepulauan Maluku, Indonesia",303
Indonesia,Cimahi,Cimahi,tur aktivitasluarruangan tempatbelanja spadankebugaran pemandangandantengara wisataalamdantaman ,"Jawa Barat, Indonesia",298
Indonesia,Kaliasem,Kaliasem,tur makanandanminuman kursusdansanggar transportasi aktivitasluarruangan turdenganperahudanolahragaair spadankebugaran bagussaathujan cocokuntukpasangan cocokuntukanakanak hargaterjangkau ,"Pantai Lovina, Indonesia",2673
Indonesia,Temukus,Temukus,tamanairdantamanhiburan tempatbelanja tur turdenganperahudanolahragaair hiburandanpermainan wisataalamdantaman aktivitasluarruangan hargaterjangkau cocokuntukanakanak cocokuntukkelompokbesar masukgratis ,"Pantai Lovina, Indonesia",874
Indonesia,Lahat,Lahat,wisataalamdantaman hiburanmalam pemandangandantengara ,"Sumatra Selatan, Indonesia",294
Indonesia,Sumbawa Besar,Sumbawa Besar,aktivitasluarruangan wisataalamdantaman tur tamanairdantamanhiburan ,"Sumbawa, Indonesia",202
Indonesia,Teluk Bakau,Teluk Bakau,tur turdenganperahudanolahragaair aktivitasluarruangan ,"Bintan, Indonesia",832
Indonesia,Pemenang,Pemenang,aktivitasluarruangan tur turdenganperahudanolahragaair spadankebugaran transportasi hiburanmalam wisataalamdantaman kursusdansanggar hiburandanpermainan pemandangandantengara tempatbelanja makanandanminuman cocokuntukpasangan hargaterjangkau bagussaathujan cocokuntukpenggemaraktivitasekstrem cocokuntukkelompokbesar lokasibulanmadu berjiwapetualang cocokuntukanakanak masukgratis tempatyangbelumpopuler ,"Lombok, Indonesia",160463
Indonesia,Saparua,Saparua,pemandangandantengara aktivitasluarruangan ,"Maluku, Indonesia",138
Indonesia,Tegal Mengkeb,Tegal Mengkeb,wisataalamdantaman aktivitasluarruangan ,"Selemadeg, Indonesia",210
Indonesia,Bayah,Bayah,aktivitasluarruangan wisataalamdantaman cocokuntukpasangan hargaterjangkau cocokuntukkelompokbesar masukgratis ,"Banten Province, Indonesia",207
Indonesia,Tembuku,Tembuku,wisataalamdantaman tur pemandangandantengara aktivitasluarruangan cocokuntukpasangan hargaterjangkau cocokuntukanakanak lokasibulanmadu cocokuntukpenggemaraktivitasekstrem tempatyangbelumpopuler berjiwapetualang ,"Bali, Indonesia",496
Indonesia,Kalimantan Barat,Kalimantan Barat,wisataalamdantaman pemandangandantengara aktivitasluarruangan tempatbelanja tur museum transportasi makanandanminuman spadankebugaran kursusdansanggar tamanairdantamanhiburan hiburandanpermainan cocokuntukanakanak hargaterjangkau masukgratis cocokuntukkelompokbesar bagussaathujan cocokuntukpasangan cocokuntukpenggemaraktivitasekstrem ,"Kalimantan, Indonesia",9150
Indonesia,Sekotong Barat,Sekotong Barat,aktivitasluarruangan wisataalamdantaman tur turdenganperahudanolahragaair transportasi cocokuntukpasangan hargaterjangkau cocokuntukanakanak cocokuntukkelompokbesar lokasibulanmadu masukgratis tempatyangbelumpopuler ,"Lombok, Indonesia",2238
Indonesia,Tana Toraja,Tana Toraja,wisataalamdantaman tur pemandangandantengara transportasi aktivitasluarruangan hargaterjangkau cocokuntukkelompokbesar cocokuntukanakanak ,"Sulawesi Selatan, Indonesia",162
Indonesia,Solok,Solok,pemandangandantengara wisataalamdantaman spadankebugaran aktivitasluarruangan cocokuntukanakanak hargaterjangkau cocokuntukkelompokbesar masukgratis ,"West Sumatra, Indonesia",156
Indonesia,Purbalingga,Purbalingga,pemandangandantengara wisataalamdantaman hiburandanpermainan kebunbinatangdanakuarium museum tamanairdantamanhiburan aktivitasluarruangan cocokuntukanakanak ,"Jawa Tengah, Indonesia",121
Indonesia,Sukoharjo,Sukoharjo,tempatbelanja spadankebugaran pemandangandantengara museum wisataalamdantaman ,"Jawa Tengah, Indonesia",288
Indonesia,Muara Enim,Muara Enim,hiburanmalam wisataalamdantaman ,"Sumatra Selatan, Indonesia",344
Indonesia,Sentani,Sentani,pemandangandantengara wisataalamdantaman cocokuntukanakanak masukgratis cocokuntukpasangan hargaterjangkau cocokuntukkelompokbesar ,"Papua, Indonesia",212
Indonesia,Purworejo,Purworejo,wisataalamdantaman pemandangandantengara aktivitasluarruangan tur museum turdenganperahudanolahragaair ,"Jawa Tengah, Indonesia",110
Indonesia,Tual,Tual,wisataalamdantaman aktivitasluarruangan tur turdenganperahudanolahragaair masukgratis cocokuntukpasangan hargaterjangkau cocokuntukanakanak cocokuntukkelompokbesar cocokuntukpenggemaraktivitasekstrem bagussaathujan ,"Kepulauan Kai, Indonesia",214
Indonesia,Batu layar,Batu layar,tur aktivitasluarruangan spadankebugaran turdenganperahudanolahragaair hiburanmalam pemandangandantengara wisataalamdantaman cocokuntukpasangan cocokuntukanakanak cocokuntukkelompokbesar lokasibulanmadu hargaterjangkau masukgratis berjiwapetualang bagussaathujan ,"Senggigi, Indonesia",3501
Indonesia,Bulukumba,Bulukumba,aktivitasluarruangan wisataalamdantaman tur pemandangandantengara makanandanminuman turdenganperahudanolahragaair transportasi hargaterjangkau cocokuntukkelompokbesar tempatyangbelumpopuler cocokuntukanakanak cocokuntukpenggemaraktivitasekstrem masukgratis berjiwapetualang cocokuntukpasangan lokasibulanmadu ,"Sulawesi Selatan, Indonesia",503
Indonesia,Banyumas,Banyumas,wisataalamdantaman pemandangandantengara tempatbelanja aktivitasluarruangan cocokuntukanakanak ,"Jawa Tengah, Indonesia",219
Indonesia,Kalimantan Tengah,Kalimantan Tengah,tur aktivitasluarruangan turdenganperahudanolahragaair wisataalamdantaman pemandangandantengara transportasi tempatbelanja hiburandanpermainan spadankebugaran kursusdansanggar museum cocokuntukpasangan cocokuntukanakanak cocokuntukkelompokbesar berjiwapetualang hargaterjangkau cocokuntukpenggemaraktivitasekstrem lokasibulanmadu tempatyangbelumpopuler bagussaathujan masukgratis ,"Kalimantan, Indonesia",5118
Indonesia,Sekupang,Sekupang,pemandangandantengara wisataalamdantaman aktivitasluarruangan spadankebugaran transportasi hargaterjangkau cocokuntukpasangan cocokuntukanakanak lokasibulanmadu masukgratis bagussaathujan ,"Batam, Indonesia",502
Indonesia,Abang,Abang,tur aktivitasluarruangan turdenganperahudanolahragaair transportasi spadankebugaran wisataalamdantaman hiburanmalam tempatbelanja kursusdansanggar pemandangandantengara museum hiburandanpermainan cocokuntukpasangan hargaterjangkau cocokuntukpenggemaraktivitasekstrem bagussaathujan lokasibulanmadu cocokuntukanakanak cocokuntukkelompokbesar berjiwapetualang masukgratis tempatyangbelumpopuler ,"Karangasem, Indonesia",55552
Indonesia,Celuk,Celuk,tempatbelanja tur pemandangandantengara aktivitasluarruangan museum turdenganperahudanolahragaair bagussaathujan masukgratis cocokuntukpasangan ,"Bali, Indonesia",176
Indonesia,Cijulang,Cijulang,pemandangandantengara hargaterjangkau masukgratis ,"Jawa Barat, Indonesia",188
Indonesia,Tanjung Pandan,Tanjung Pandan,aktivitasluarruangan tur turdenganperahudanolahragaair wisataalamdantaman pemandangandantengara tempatbelanja spadankebugaran museum transportasi cocokuntukanakanak hargaterjangkau cocokuntukkelompokbesar masukgratis cocokuntukpasangan lokasibulanmadu cocokuntukpenggemaraktivitasekstrem tempatyangbelumpopuler bagussaathujan ,"Pulau Belitung, Indonesia",3798
Indonesia,Pejarakan,Pejarakan,spadankebugaran ,"Gerokgak, Indonesia",427
Indonesia,Wanagiri,Wanagiri,tur pemandangandantengara aktivitasluarruangan wisataalamdantaman makanandanminuman turdenganperahudanolahragaair transportasi cocokuntukpasangan hargaterjangkau cocokuntukkelompokbesar cocokuntukanakanak lokasibulanmadu cocokuntukpenggemaraktivitasekstrem tempatyangbelumpopuler berjiwapetualang ,"Sukasada, Indonesia",586
Indonesia,Pulau Una Una,Pulau Una Una,tur turdenganperahudanolahragaair wisataalamdantaman aktivitasluarruangan ,"Kepulauan Togian, Indonesia",340
Indonesia,South Tangerang,South Tangerang,tempatbelanja hiburandanpermainan wisataalamdantaman spadankebugaran transportasi makanandanminuman kursusdansanggar tur pemandangandantengara masukgratis cocokuntukanakanak ,"Banten Province, Indonesia",649
Indonesia,Katupat,Katupat,wisataalamdantaman aktivitasluarruangan cocokuntukanakanak masukgratis ,"Kepulauan Togian, Indonesia",168
Indonesia,Karanganyar,Karanganyar,pemandangandantengara wisataalamdantaman tur museum turdenganperahudanolahragaair transportasi aktivitasluarruangan hargaterjangkau cocokuntukanakanak cocokuntukkelompokbesar tempatyangbelumpopuler cocokuntukpasangan cocokuntukpenggemaraktivitasekstrem berjiwapetualang bagussaathujan ,"Jawa Tengah, Indonesia",1028
Indonesia,Batubulan,Batubulan,tur aktivitasluarruangan turdenganperahudanolahragaair tempatbelanja makanandanminuman kursusdansanggar museum transportasi spadankebugaran pemandangandantengara cocokuntukpasangan hargaterjangkau cocokuntukanakanak cocokuntukkelompokbesar bagussaathujan lokasibulanmadu cocokuntukpenggemaraktivitasekstrem tempatyangbelumpopuler masukgratis ,"Sukawati, Indonesia",1554
Indonesia,Kutuh,Kutuh,pemandangandantengara wisataalamdantaman spadankebugaran ,"Bali, Indonesia",666
Indonesia,Ranowangko,Ranowangko,tur turdenganperahudanolahragaair aktivitasluarruangan lokasibulanmadu cocokuntukpenggemaraktivitasekstrem ,"Sulawesi Utara, Indonesia",156
Indonesia,Bintan Regency,Bintan Regency,tur aktivitasluarruangan transportasi turdenganperahudanolahragaair pemandangandantengara spadankebugaran wisataalamdantaman hiburanmalam tempatbelanja kebunbinatangdanakuarium makanandanminuman kursusdansanggar museum tamanairdantamanhiburan hiburandanpermainan cocokuntukpasangan hargaterjangkau cocokuntukanakanak cocokuntukkelompokbesar masukgratis bagussaathujan lokasibulanmadu cocokuntukpenggemaraktivitasekstrem tempatyangbelumpopuler berjiwapetualang ,"Riau Archipelago, Indonesia",26359
Indonesia,Batununggul,Batununggul,tur transportasi ,"Nusa Penida, Indonesia",729
Indonesia,Tangkahan,Tangkahan,tur wisataalamdantaman transportasi aktivitasluarruangan cocokuntukanakanak berjiwapetualang ,"Sumatera Utara, Indonesia",260
Indonesia,Prambanan,Prambanan,pemandangandantengara tur aktivitasluarruangan transportasi cocokuntukpasangan hargaterjangkau cocokuntukkelompokbesar cocokuntukanakanak lokasibulanmadu ,"Jawa Tengah, Indonesia",6641
Indonesia,Tibubeneng,Tibubeneng,spadankebugaran tur kursusdansanggar aktivitasluarruangan turdenganperahudanolahragaair hiburandanpermainan tempatbelanja makanandanminuman museum cocokuntukpasangan bagussaathujan cocokuntukanakanak cocokuntukpenggemaraktivitasekstrem hargaterjangkau cocokuntukkelompokbesar tempatyangbelumpopuler berjiwapetualang ,"Kuta Utara, Indonesia",14931
Indonesia,Nagari Sungai Pinang,Nagari Sungai Pinang,museum ,"West Sumatra, Indonesia",126
Indonesia,Ngawi,Ngawi,wisataalamdantaman pemandangandantengara tamanairdantamanhiburan cocokuntukanakanak ,"Jawa Timur, Indonesia",134
Indonesia,Sewon,Sewon,tempatbelanja tur museum cocokuntukanakanak bagussaathujan cocokuntukpasangan hargaterjangkau cocokuntukkelompokbesar lokasibulanmadu ,"Yogyakarta, Indonesia",1486
Indonesia,Majalengka,Majalengka,wisataalamdantaman pemandangandantengara transportasi hiburanmalam tempatbelanja makanandanminuman kursusdansanggar tur turdenganperahudanolahragaair hiburandanpermainan aktivitasluarruangan ,"Jawa Barat, Indonesia",123
Indonesia,Tuktuk Siadong,Tuktuk Siadong,hiburanmalam tur konserdanpertunjukan ,"Samosir, Indonesia",927
Indonesia,Kayuputih,Kayuputih,tur aktivitasluarruangan transportasi ,"Sukasada, Indonesia",432
Indonesia,Megamendung,Megamendung,wisataalamdantaman ,"Bogor Regency, Indonesia",944
Indonesia,Sumur Batu,Sumur Batu,spadankebugaran ,"Babakan Madang, Indonesia",904
Indonesia,Babakan Madang,Babakan Madang,pemandangandantengara wisataalamdantaman spadankebugaran tamanairdantamanhiburan hiburandanpermainan aktivitasluarruangan cocokuntukpasangan cocokuntukanakanak cocokuntukkelompokbesar cocokuntukpenggemaraktivitasekstrem tempatyangbelumpopuler berjiwapetualang bagussaathujan ,"Bogor Regency, Indonesia",5052
Indonesia,Bogor Regency,Bogor Regency,wisataalamdantaman pemandangandantengara spadankebugaran tempatbelanja tamanairdantamanhiburan hiburandanpermainan aktivitasluarruangan cocokuntukpasangan cocokuntukanakanak cocokuntukkelompokbesar cocokuntukpenggemaraktivitasekstrem tempatyangbelumpopuler berjiwapetualang bagussaathujan ,"Jawa Barat, Indonesia",6085
Indonesia,Tanah Lot,Tanah Lot,tur kursusdansanggar pemandangandantengara turdenganperahudanolahragaair hiburandanpermainan transportasi aktivitasluarruangan cocokuntukpasangan hargaterjangkau cocokuntukanakanak tempatyangbelumpopuler ,"Bali, Indonesia",299
Indonesia,Gunung Kijang,Gunung Kijang,tur pemandangandantengara turdenganperahudanolahragaair aktivitasluarruangan hargaterjangkau tempatyangbelumpopuler masukgratis ,"Bintan, Indonesia",364
Indonesia,Gianyar Regency,Gianyar Regency,tur aktivitasluarruangan spadankebugaran turdenganperahudanolahragaair transportasi tempatbelanja kursusdansanggar makanandanminuman pemandangandantengara hiburandanpermainan museum wisataalamdantaman konserdanpertunjukan hiburanmalam kebunbinatangdanakuarium cocokuntukpasangan hargaterjangkau bagussaathujan cocokuntukanakanak cocokuntukkelompokbesar lokasibulanmadu tempatyangbelumpopuler cocokuntukpenggemaraktivitasekstrem masukgratis berjiwapetualang ,"Bali, Indonesia",704023
Indonesia,Tepus,Tepus,wisataalamdantaman aktivitasluarruangan cocokuntukpasangan hargaterjangkau cocokuntukkelompokbesar cocokuntukpenggemaraktivitasekstrem tempatyangbelumpopuler berjiwapetualang ,"Yogyakarta, Indonesia",382
Indonesia,Sanur Kaja,Sanur Kaja,tur turdenganperahudanolahragaair transportasi aktivitasluarruangan spadankebugaran ,"Denpasar, Indonesia",170
Indonesia,Imogiri,Imogiri,wisataalamdantaman tempatbelanja cocokuntukpasangan hargaterjangkau cocokuntukanakanak cocokuntukkelompokbesar lokasibulanmadu tempatyangbelumpopuler masukgratis ,"Yogyakarta, Indonesia",305
Indonesia,Medahan,Medahan,tur wisataalamdantaman aktivitasluarruangan cocokuntukkelompokbesar cocokuntukpasangan hargaterjangkau cocokuntukanakanak cocokuntukpenggemaraktivitasekstrem masukgratis ,"Blahbatuh, Indonesia",186
Indonesia,Rinca,Rinca,tur turdenganperahudanolahragaair wisataalamdantaman aktivitasluarruangan cocokuntukpasangan cocokuntukkelompokbesar cocokuntukpenggemaraktivitasekstrem berjiwapetualang ,"Taman Nasional Komodo, Indonesia",727
Indonesia,Provinsi Gorontalo,Provinsi Gorontalo,wisataalamdantaman aktivitasluarruangan tur pemandangandantengara turdenganperahudanolahragaair tempatbelanja spadankebugaran museum hiburandanpermainan hargaterjangkau cocokuntukkelompokbesar masukgratis cocokuntukpasangan cocokuntukanakanak cocokuntukpenggemaraktivitasekstrem tempatyangbelumpopuler berjiwapetualang ,"Sulawesi, Indonesia",1733
Indonesia,Sangeh,Sangeh,pemandangandantengara tempatbelanja tur wisataalamdantaman cocokuntukpasangan hargaterjangkau cocokuntukanakanak cocokuntukkelompokbesar tempatyangbelumpopuler ,"Bali, Indonesia",535
Indonesia,Kubutambahan,Kubutambahan,pemandangandantengara makanandanminuman kursusdansanggar wisataalamdantaman ,"Kabupaten Buleleng, Indonesia",215
Indonesia,Sakti,Sakti,aktivitasluarruangan tur wisataalamdantaman pemandangandantengara turdenganperahudanolahragaair transportasi cocokuntukpasangan hargaterjangkau cocokuntukkelompokbesar lokasibulanmadu cocokuntukpenggemaraktivitasekstrem tempatyangbelumpopuler masukgratis berjiwapetualang ,"Nusa Penida, Indonesia",1445
Indonesia,Kalabahi,Kalabahi,aktivitasluarruangan tur turdenganperahudanolahragaair museum wisataalamdantaman cocokuntukkelompokbesar masukgratis bagussaathujan ,"Alor, Indonesia",189
Indonesia,Pulau Kakaban,Pulau Kakaban,wisataalamdantaman hargaterjangkau cocokuntukkelompokbesar cocokuntukanakanak ,"Kalimantan Timur, Indonesia",221
Indonesia,Tanggamus,Tanggamus,wisataalamdantaman pemandangandantengara aktivitasluarruangan cocokuntukpenggemaraktivitasekstrem cocokuntukpasangan hargaterjangkau cocokuntukanakanak cocokuntukkelompokbesar lokasibulanmadu tempatyangbelumpopuler berjiwapetualang ,"Lampung, Indonesia",164
Indonesia,Manggar,Manggar,pemandangandantengara wisataalamdantaman aktivitasluarruangan hargaterjangkau cocokuntukanakanak masukgratis ,"Pulau Belitung, Indonesia",190
Indonesia,Semanu,Semanu,wisataalamdantaman cocokuntukpasangan cocokuntukkelompokbesar cocokuntukpenggemaraktivitasekstrem tempatyangbelumpopuler berjiwapetualang ,"Yogyakarta, Indonesia",573
Indonesia,Mayong,Mayong,tur cocokuntukpasangan hargaterjangkau cocokuntukanakanak cocokuntukkelompokbesar lokasibulanmadu tempatyangbelumpopuler ,"Seririt, Indonesia",512
Indonesia,Bukti,Bukti,pemandangandantengara ,"Kubutambahan, Indonesia",140
Indonesia,Mendut,Mendut,tempatbelanja tur pemandangandantengara museum aktivitasluarruangan hargaterjangkau cocokuntukanakanak cocokuntukkelompokbesar ,"Jawa Tengah, Indonesia",294
Indonesia,Subagan,Subagan,aktivitasluarruangan hiburanmalam tur pemandangandantengara turdenganperahudanolahragaair wisataalamdantaman hargaterjangkau cocokuntukkelompokbesar ,"Karangasem, Indonesia",304
Indonesia,Ambarita,Ambarita,pemandangandantengara hargaterjangkau cocokuntukanakanak cocokuntukkelompokbesar ,"Samosir, Indonesia",230
Indonesia,Tetebatu,Tetebatu,tur aktivitasluarruangan transportasi makanandanminuman pemandangandantengara turdenganperahudanolahragaair wisataalamdantaman hargaterjangkau cocokuntukkelompokbesar cocokuntukpasangan cocokuntukanakanak cocokuntukpenggemaraktivitasekstrem berjiwapetualang ,"Lombok, Indonesia",1051
Indonesia,Tanjungsari,Tanjungsari,wisataalamdantaman aktivitasluarruangan cocokuntukpasangan hargaterjangkau cocokuntukanakanak cocokuntukkelompokbesar masukgratis ,"Yogyakarta, Indonesia",120
Indonesia,Pujut,Pujut,tur aktivitasluarruangan spadankebugaran wisataalamdantaman turdenganperahudanolahragaair transportasi cocokuntukpasangan bagussaathujan ,"Lombok, Indonesia",334
Indonesia,Kuta Selatan,Kuta Selatan,tur aktivitasluarruangan turdenganperahudanolahragaair spadankebugaran tempatbelanja transportasi makanandanminuman kursusdansanggar pemandangandantengara hiburandanpermainan wisataalamdantaman hiburanmalam cocokuntukpasangan cocokuntukanakanak hargaterjangkau cocokuntukkelompokbesar bagussaathujan lokasibulanmadu cocokuntukpenggemaraktivitasekstrem masukgratis tempatyangbelumpopuler berjiwapetualang ,"Bali, Indonesia",106530
Indonesia,Kuta Selatan,Kuta Selatan,tur aktivitasluarruangan turdenganperahudanolahragaair spadankebugaran tempatbelanja transportasi makanandanminuman kursusdansanggar pemandangandantengara hiburandanpermainan wisataalamdantaman hiburanmalam cocokuntukpasangan cocokuntukanakanak hargaterjangkau cocokuntukkelompokbesar bagussaathujan lokasibulanmadu cocokuntukpenggemaraktivitasekstrem masukgratis tempatyangbelumpopuler berjiwapetualang ,"Kecamatan Kuta, Indonesia",370
Indonesia,Carangsari,Carangsari,tur turdenganperahudanolahragaair aktivitasluarruangan wisataalamdantaman cocokuntukanakanak cocokuntukpasangan lokasibulanmadu ,"Bali, Indonesia",823
Indonesia,Provinsi Bengkulu,Provinsi Bengkulu,wisataalamdantaman aktivitasluarruangan pemandangandantengara tur museum transportasi tempatbelanja acara hargaterjangkau cocokuntukanakanak cocokuntukpasangan cocokuntukkelompokbesar masukgratis bagussaathujan ,"Sumatra, Indonesia",1751
Indonesia,Nungnung,Nungnung,wisataalamdantaman cocokuntukpasangan hargaterjangkau cocokuntukkelompokbesar lokasibulanmadu cocokuntukpenggemaraktivitasekstrem tempatyangbelumpopuler berjiwapetualang ,"Bali, Indonesia",334
Indonesia,Labuhan,Labuhan,tur aktivitasluarruangan turdenganperahudanolahragaair wisataalamdantaman cocokuntukpasangan cocokuntukanakanak bagussaathujan ,"Banten Province, Indonesia",195
Indonesia,Sembalun Lawang,Sembalun Lawang,aktivitasluarruangan tur wisataalamdantaman turdenganperahudanolahragaair cocokuntukkelompokbesar cocokuntukpasangan cocokuntukpenggemaraktivitasekstrem berjiwapetualang hargaterjangkau tempatyangbelumpopuler ,"Lombok, Indonesia",248
Indonesia,Cihideung,Cihideung,wisataalamdantaman kebunbinatangdanakuarium aktivitasluarruangan hargaterjangkau cocokuntukkelompokbesar cocokuntukpenggemaraktivitasekstrem berjiwapetualang ,"Jawa Barat, Indonesia",171
Indonesia,Bedulu,Bedulu,pemandangandantengara spadankebugaran tur makanandanminuman kursusdansanggar cocokuntukpasangan hargaterjangkau cocokuntukanakanak cocokuntukkelompokbesar cocokuntukpenggemaraktivitasekstrem ,"Blahbatuh, Indonesia",245
Indonesia,Bangli,Bangli,tur aktivitasluarruangan pemandangandantengara transportasi wisataalamdantaman hargaterjangkau cocokuntukpasangan cocokuntukkelompokbesar cocokuntukpenggemaraktivitasekstrem berjiwapetualang ,"Bali, Indonesia",18026
Indonesia,Pulau Kri,Pulau Kri,tur turdenganperahudanolahragaair aktivitasluarruangan transportasi cocokuntukpasangan cocokuntukpenggemaraktivitasekstrem hargaterjangkau lokasibulanmadu berjiwapetualang ,"Raja Ampat, Indonesia",131
Indonesia,Keliki,Keliki,spadankebugaran kursusdansanggar tur aktivitasluarruangan hargaterjangkau cocokuntukanakanak ,"Gianyar, Indonesia",142
Indonesia,Dangin Puri,Dangin Puri,tur pemandangandantengara transportasi museum cocokuntukpasangan ,"Denpasar, Indonesia",150
Indonesia,Sukasada,Sukasada,tur wisataalamdantaman aktivitasluarruangan pemandangandantengara makanandanminuman cocokuntukpasangan hargaterjangkau cocokuntukkelompokbesar cocokuntukpenggemaraktivitasekstrem berjiwapetualang ,"Kabupaten Buleleng, Indonesia",1756
Indonesia,Toyapakeh,Toyapakeh,tur turdenganperahudanolahragaair aktivitasluarruangan cocokuntukpasangan hargaterjangkau cocokuntukkelompokbesar cocokuntukanakanak cocokuntukpenggemaraktivitasekstrem ,"Nusa Penida, Indonesia",742
Indonesia,Singakerta,Singakerta,spadankebugaran tur kursusdansanggar hiburandanpermainan transportasi aktivitasluarruangan cocokuntukpasangan bagussaathujan hargaterjangkau lokasibulanmadu tempatyangbelumpopuler ,"Ubud, Indonesia",2019
Indonesia,Guwang,Guwang,wisataalamdantaman cocokuntukpasangan hargaterjangkau cocokuntukpenggemaraktivitasekstrem tempatyangbelumpopuler berjiwapetualang ,"Sukawati, Indonesia",343
Indonesia,Singapadu Kaler,Singapadu Kaler,tur turdenganperahudanolahragaair aktivitasluarruangan ,"Sukawati, Indonesia",309
Indonesia,Batu Karas,Batu Karas,tur turdenganperahudanolahragaair aktivitasluarruangan ,"Jawa Barat, Indonesia",206
