Travel Destination,Hotel Link,Hotel Best Deal,Flight Link,Flight Best Deal
Bintan,https://www.tripadvisor.co.id/Hotels-g297718-Bintan_Island_Bintan_Regency_Riau_Archipelago_Riau_Islands_Province-Hotels.html,Rp 1.740.182,https://www.tripadvisor.co.id/Flights-g297718-Bintan_Island_Bintan_Regency_Riau_Archipelago_Riau_Islands_Province-Cheap_Discount_Airfares.html,
Seminyak,https://www.tripadvisor.co.id/Hotels-g469404-Seminyak_Kuta_District_Bali-Hotels.html,Rp 2.331.874,https://www.tripadvisor.co.id/Flights-g469404-Seminyak_Kuta_District_Bali-Cheap_Discount_Airfares.html,Rp 1.305.700
Bali,https://www.tripadvisor.co.id/Hotels-g294226-Bali-Hotels.html,Rp 656.190,https://www.tripadvisor.co.id/Flights-g294226-Bali-Cheap_Discount_Airfares.html,Rp 1.145.870
Ubud,https://www.tripadvisor.co.id/Hotels-g297701-Ubud_Gianyar_Regency_Bali-Hotels.html,Rp 2.865.927,https://www.tripadvisor.co.id/Flights-g297701-Ubud_Gianyar_Regency_Bali-Cheap_Discount_Airfares.html,Rp 1.145.870
Jakarta,https://www.tripadvisor.co.id/Hotels-g294229-Jakarta_Java-Hotels.html,Rp 360.563,https://www.tripadvisor.co.id/Flights-g294229-Jakarta_Java-Cheap_Discount_Airfares.html,
Kuta,https://www.tripadvisor.co.id/Hotels-g297697-Kuta_Kuta_District_Bali-Hotels.html,Rp 163.912,https://www.tripadvisor.co.id/Flights-g297697-Kuta_Kuta_District_Bali-Cheap_Discount_Airfares.html,Rp 1.305.700
Kuta,https://www.tripadvisor.co.id/Hotels-g297697-Kuta_Kuta_District_Bali-Hotels.html,Rp 163.912,https://www.tripadvisor.co.id/Flights-g297697-Kuta_Kuta_District_Bali-Cheap_Discount_Airfares.html,Rp 1.305.700
Legian,https://www.tripadvisor.co.id/Hotels-g608487-Legian_Kuta_District_Bali-Hotels.html,Rp 2.360.331,https://www.tripadvisor.co.id/Flights-g608487-Legian_Kuta_District_Bali-Cheap_Discount_Airfares.html,Rp 1.305.700
Yogyakarta,https://www.tripadvisor.co.id/Hotels-g294230-Yogyakarta_Region_Java-Hotels.html,Rp 1.100.000,https://www.tripadvisor.co.id/Flights-g294230-Yogyakarta_Region_Java-Cheap_Discount_Airfares.html,Rp 1.802.693
Yogyakarta,https://www.tripadvisor.co.id/Hotels-g294230-Yogyakarta_Region_Java-Hotels.html,Rp 1.100.000,https://www.tripadvisor.co.id/Flights-g294230-Yogyakarta_Region_Java-Cheap_Discount_Airfares.html,Rp 1.787.500
Nusa Dua,https://www.tripadvisor.co.id/Hotels-g297698-Nusa_Dua_Nusa_Dua_Peninsula_Bali-Hotels.html,Rp 700.000,https://www.tripadvisor.co.id/Flights-g297698-Nusa_Dua_Nusa_Dua_Peninsula_Bali-Cheap_Discount_Airfares.html,Rp 1.305.700
Jimbaran,https://www.tripadvisor.co.id/Hotels-g297696-Jimbaran_South_Kuta_Bali-Hotels.html,Rp 1.695.312,https://www.tripadvisor.co.id/Flights-g297696-Jimbaran_South_Kuta_Bali-Cheap_Discount_Airfares.html,Rp 1.305.700
Bandung,https://www.tripadvisor.co.id/Hotels-g297704-Bandung_West_Java_Java-Hotels.html,Rp 1.198.347,https://www.tripadvisor.co.id/Flights-g297704-Bandung_West_Java_Java-Cheap_Discount_Airfares.html,Rp 1.491.127
Sanur,https://www.tripadvisor.co.id/Hotels-g297700-Sanur_Denpasar_Bali-Hotels.html,Rp 1.487.603,https://www.tripadvisor.co.id/Flights-g297700-Sanur_Denpasar_Bali-Cheap_Discount_Airfares.html,Rp 1.145.870
Batam,https://www.tripadvisor.co.id/Hotels-g297717-Batam_Riau_Archipelago_Riau_Islands_Province-Hotels.html,Rp 706.612,https://www.tripadvisor.co.id/Flights-g297717-Batam_Riau_Archipelago_Riau_Islands_Province-Cheap_Discount_Airfares.html,Rp 1.096.600
Lombok,https://www.tripadvisor.co.id/Hotels-g297733-Lombok_West_Nusa_Tenggara-Hotels.html,Rp 1.721.296,https://www.tripadvisor.co.id/Flights-g297733-Lombok_West_Nusa_Tenggara-Cheap_Discount_Airfares.html,Rp 1.290.915
Canggu,https://www.tripadvisor.co.id/Hotels-g311298-Canggu_North_Kuta_Bali-Hotels.html,Rp 1.029.978,https://www.tripadvisor.co.id/Flights-g311298-Canggu_North_Kuta_Bali-Cheap_Discount_Airfares.html,Rp 1.305.700
Surabaya,https://www.tripadvisor.co.id/Hotels-g297715-Surabaya_East_Java_Java-Hotels.html,Rp 434.545,https://www.tripadvisor.co.id/Flights-g297715-Surabaya_East_Java_Java-Cheap_Discount_Airfares.html,Rp 962.802
Denpasar,https://www.tripadvisor.co.id/Hotels-g297694-Denpasar_Bali-Hotels.html,Rp 453.298,https://www.tripadvisor.co.id/Flights-g297694-Denpasar_Bali-Cheap_Discount_Airfares.html,Rp 1.305.700
Bogor,https://www.tripadvisor.co.id/Hotels-g297706-Bogor_West_Java_Java-Hotels.html,Rp 970.043,https://www.tripadvisor.co.id/Flights-g297706-Bogor_West_Java_Java-Cheap_Discount_Airfares.html,
Puncak,https://www.tripadvisor.co.id/Hotels-g844506-Puncak_West_Java_Java-Hotels.html,Rp 611.207,https://www.tripadvisor.co.id/Flights-g844506-Puncak_West_Java_Java-Cheap_Discount_Airfares.html,
Nusa Lembongan,https://www.tripadvisor.co.id/Hotels-g1137831-Nusa_Lembongan_Bali-Hotels.html,Rp 1.053.818,https://www.tripadvisor.co.id/Flights-g1137831-Nusa_Lembongan_Bali-Cheap_Discount_Airfares.html,Rp 1.145.870
Tanjungbenoa,https://www.tripadvisor.co.id/Hotels-g1465999-Tanjung_Benoa_Nusa_Dua_Peninsula_Bali-Hotels.html,Rp 1.487.500,https://www.tripadvisor.co.id/Flights-g1465999-Tanjung_Benoa_Nusa_Dua_Peninsula_Bali-Cheap_Discount_Airfares.html,Rp 1.145.870
Uluwatu,https://www.tripadvisor.co.id/Hotels-g8366411-Uluwatu_Bali-Hotels.html,Rp 8.153.000,https://www.tripadvisor.co.id/Flights-g8366411-Uluwatu_Bali-Cheap_Discount_Airfares.html,Rp 1.305.700
Gili Trawangan,https://www.tripadvisor.co.id/Hotels-g664666-Gili_Trawangan_Gili_Islands_Pemenang_Lombok_West_Nusa_Tenggara-Hotels.html,Rp 401.107,https://www.tripadvisor.co.id/Flights-g664666-Gili_Trawangan_Gili_Islands_Pemenang_Lombok_West_Nusa_Tenggara-Cheap_Discount_Airfares.html,Rp 1.134.030
Tulamben,https://www.tripadvisor.co.id/Hotels-g469406-Tulamben_Bali-Hotels.html,Rp 330.579,https://www.tripadvisor.co.id/Flights-g469406-Tulamben_Bali-Cheap_Discount_Airfares.html,Rp 1.355.103
Samosir,https://www.tripadvisor.co.id/Hotels-g303958-Samosir_Island_North_Sumatra_Sumatra-Hotels.html,Rp 185.950,https://www.tripadvisor.co.id/Flights-g303958-Samosir_Island_North_Sumatra_Sumatra-Cheap_Discount_Airfares.html,Rp 1.358.600
Purwokerto,https://www.tripadvisor.co.id/Hotels-g790290-Purwokerto_Central_Java_Java-Hotels.html,Rp 428.430,https://www.tripadvisor.co.id/Flights-g790290-Purwokerto_Central_Java_Java-Cheap_Discount_Airfares.html,
Pulau Bunaken,https://www.tripadvisor.co.id/Hotels-g1071666-Bunaken_Island_Manado_North_Sulawesi_Sulawesi-Hotels.html,Rp 1.035.324,https://www.tripadvisor.co.id/Flights-g1071666-Bunaken_Island_Manado_North_Sulawesi_Sulawesi-Cheap_Discount_Airfares.html,Rp 2.161.400
Berastagi,https://www.tripadvisor.co.id/Hotels-g469407-Berastagi_North_Sumatra_Sumatra-Hotels.html,Rp 752.066,https://www.tripadvisor.co.id/Flights-g469407-Berastagi_North_Sumatra_Sumatra-Cheap_Discount_Airfares.html,Rp 1.358.600
Sidemen,https://www.tripadvisor.co.id/Hotels-g608495-Sidemen_Karangasem_Bali-Hotels.html,Rp 983.125,https://www.tripadvisor.co.id/Flights-g608495-Sidemen_Karangasem_Bali-Cheap_Discount_Airfares.html,Rp 1.183.700
Anyer,https://www.tripadvisor.co.id/Hotels-g3400871-Anyer_Banten_Province_Java-Hotels.html,Rp 668.000,https://www.tripadvisor.co.id/Flights-g3400871-Anyer_Banten_Province_Java-Cheap_Discount_Airfares.html,
Nusa Penida,https://www.tripadvisor.co.id/Hotels-g2538506-Nusa_Penida_Bali-Hotels.html,Rp 500.776,https://www.tripadvisor.co.id/Flights-g2538506-Nusa_Penida_Bali-Cheap_Discount_Airfares.html,Rp 1.145.870
Labuan Bajo,https://www.tripadvisor.co.id/Hotels-g1777483-Labuan_Bajo_Flores_East_Nusa_Tenggara-Hotels.html,Rp 15.932.231,https://www.tripadvisor.co.id/Flights-g1777483-Labuan_Bajo_Flores_East_Nusa_Tenggara-Cheap_Discount_Airfares.html,Rp 1.915.200
Tangerang,https://www.tripadvisor.co.id/Hotels-g1493703-Tangerang_Banten_Province_Java-Hotels.html,Rp 525.300,https://www.tripadvisor.co.id/Flights-g1493703-Tangerang_Banten_Province_Java-Cheap_Discount_Airfares.html,
Pantai Lovina,https://www.tripadvisor.co.id/Hotels-g1599559-Lovina_Beach_Buleleng_District_Buleleng_Regency_Bali-Hotels.html,Rp 1.655.215,https://www.tripadvisor.co.id/Flights-g1599559-Lovina_Beach_Buleleng_District_Buleleng_Regency_Bali-Cheap_Discount_Airfares.html,Rp 1.145.870
Batu,https://www.tripadvisor.co.id/Hotels-g1237079-Batu_East_Java_Java-Hotels.html,Rp 594.247,https://www.tripadvisor.co.id/Flights-g1237079-Batu_East_Java_Java-Cheap_Discount_Airfares.html,
Garut,https://www.tripadvisor.co.id/Hotels-g1137840-Garut_West_Java_Java-Hotels.html,Rp 377.686,https://www.tripadvisor.co.id/Flights-g1137840-Garut_West_Java_Java-Cheap_Discount_Airfares.html,
Pangandaran,https://www.tripadvisor.co.id/Hotels-g1137814-Pangandaran_West_Java_Java-Hotels.html,Rp 460.694,https://www.tripadvisor.co.id/Flights-g1137814-Pangandaran_West_Java_Java-Cheap_Discount_Airfares.html,
Ungasan,https://www.tripadvisor.co.id/Hotels-g1219108-Ungasan_Nusa_Dua_Peninsula_Bali-Hotels.html,Rp 1.749.174,https://www.tripadvisor.co.id/Flights-g1219108-Ungasan_Nusa_Dua_Peninsula_Bali-Cheap_Discount_Airfares.html,Rp 1.305.700
Candidasa,https://www.tripadvisor.co.id/Hotels-g312684-Candidasa_Karangasem_Bali-Hotels.html,Rp 744.245,https://www.tripadvisor.co.id/Flights-g312684-Candidasa_Karangasem_Bali-Cheap_Discount_Airfares.html,Rp 1.305.700
Banyuwangi,https://www.tripadvisor.co.id/Hotels-g317103-Banyuwangi_East_Java_Java-Hotels.html,Rp 619.835,https://www.tripadvisor.co.id/Flights-g317103-Banyuwangi_East_Java_Java-Cheap_Discount_Airfares.html,Rp 1.361.200
Balikpapan,https://www.tripadvisor.co.id/Hotels-g317100-Balikpapan_East_Kalimantan_Kalimantan-Hotels.html,Rp 450.000,https://www.tripadvisor.co.id/Flights-g317100-Balikpapan_East_Kalimantan_Kalimantan-Cheap_Discount_Airfares.html,Rp 1.251.000
Semarang,https://www.tripadvisor.co.id/Hotels-g297712-Semarang_Central_Java_Java-Hotels.html,Rp 688.726,https://www.tripadvisor.co.id/Flights-g297712-Semarang_Central_Java_Java-Cheap_Discount_Airfares.html,Rp 751.044
Flores,https://www.tripadvisor.co.id/Hotels-g297729-Flores_East_Nusa_Tenggara-Hotels.html,Rp 702.479,https://www.tripadvisor.co.id/Flights-g297729-Flores_East_Nusa_Tenggara-Cheap_Discount_Airfares.html,Rp 3.106.350
Padang,https://www.tripadvisor.co.id/Hotels-g297726-Padang_West_Sumatra_Sumatra-Hotels.html,Rp 320.329,https://www.tripadvisor.co.id/Flights-g297726-Padang_West_Sumatra_Sumatra-Cheap_Discount_Airfares.html,Rp 1.111.700
Medan,https://www.tripadvisor.co.id/Hotels-g297725-Medan_North_Sumatra_Sumatra-Hotels.html,Rp 653.058,https://www.tripadvisor.co.id/Flights-g297725-Medan_North_Sumatra_Sumatra-Cheap_Discount_Airfares.html,Rp 1.285.565
Bandar Lampung,https://www.tripadvisor.co.id/Hotels-g297722-Bandar_Lampung_Lampung_Sumatra-Hotels.html,Rp 330.579,https://www.tripadvisor.co.id/Flights-g297722-Bandar_Lampung_Lampung_Sumatra-Cheap_Discount_Airfares.html,Rp 500.300
Sumba,https://www.tripadvisor.co.id/Hotels-g297731-Sumba_East_Nusa_Tenggara-Hotels.html,Rp 878.182,https://www.tripadvisor.co.id/Flights-g297731-Sumba_East_Nusa_Tenggara-Cheap_Discount_Airfares.html,
Cirebon,https://www.tripadvisor.co.id/Hotels-g297707-Cirebon_West_Java_Java-Hotels.html,Rp 250.000,https://www.tripadvisor.co.id/Flights-g297707-Cirebon_West_Java_Java-Cheap_Discount_Airfares.html,
Malang,https://www.tripadvisor.co.id/Hotels-g297710-Malang_East_Java_Java-Hotels.html,Rp 383.838,https://www.tripadvisor.co.id/Flights-g297710-Malang_East_Java_Java-Cheap_Discount_Airfares.html,
Pekanbaru,https://www.tripadvisor.co.id/Hotels-g303957-Pekanbaru_Riau_Province_Sumatra-Hotels.html,Rp 367.310,https://www.tripadvisor.co.id/Flights-g303957-Pekanbaru_Riau_Province_Sumatra-Cheap_Discount_Airfares.html,Rp 1.098.400
Gili Meno,https://www.tripadvisor.co.id/Hotels-g664665-Gili_Meno_Gili_Islands_Pemenang_Lombok_West_Nusa_Tenggara-Hotels.html,Rp 1.264.789,https://www.tripadvisor.co.id/Flights-g664665-Gili_Meno_Gili_Islands_Pemenang_Lombok_West_Nusa_Tenggara-Cheap_Discount_Airfares.html,Rp 1.186.169
Gili Air,https://www.tripadvisor.co.id/Hotels-g664667-Gili_Air_Gili_Islands_Pemenang_Lombok_West_Nusa_Tenggara-Hotels.html,Rp 437.702,https://www.tripadvisor.co.id/Flights-g664667-Gili_Air_Gili_Islands_Pemenang_Lombok_West_Nusa_Tenggara-Cheap_Discount_Airfares.html,Rp 1.186.169
Cisarua,https://www.tripadvisor.co.id/Hotels-g644045-Cisarua_West_Java_Java-Hotels.html,Rp 583.333,https://www.tripadvisor.co.id/Flights-g644045-Cisarua_West_Java_Java-Cheap_Discount_Airfares.html,
Tuban,https://www.tripadvisor.co.id/Hotels-g562690-Tuban_Kuta_Kuta_District_Bali-Hotels.html,Rp 788.500,https://www.tripadvisor.co.id/Flights-g562690-Tuban_Kuta_Kuta_District_Bali-Cheap_Discount_Airfares.html,Rp 1.305.700
Tuban,https://www.tripadvisor.co.id/Hotels-g562690-Tuban_Kuta_Kuta_District_Bali-Hotels.html,Rp 788.500,https://www.tripadvisor.co.id/Flights-g562690-Tuban_Kuta_Kuta_District_Bali-Cheap_Discount_Airfares.html,Rp 1.305.700
Pemuteran,https://www.tripadvisor.co.id/Hotels-g608493-Pemuteran_Gerokgak_Buleleng_Regency_Bali-Hotels.html,Rp 130.165,https://www.tripadvisor.co.id/Flights-g608493-Pemuteran_Gerokgak_Buleleng_Regency_Bali-Cheap_Discount_Airfares.html,Rp 1.145.870
Tabanan,https://www.tripadvisor.co.id/Hotels-g608496-Tabanan_Bali-Hotels.html,Rp 818.182,https://www.tripadvisor.co.id/Flights-g608496-Tabanan_Bali-Cheap_Discount_Airfares.html,Rp 1.305.700
Amed,https://www.tripadvisor.co.id/Hotels-g608478-Amed_Abang_Karangasem_Bali-Hotels.html,Rp 495.000,https://www.tripadvisor.co.id/Flights-g608478-Amed_Abang_Karangasem_Bali-Cheap_Discount_Airfares.html,Rp 1.145.870
Palembang,https://www.tripadvisor.co.id/Hotels-g608501-Palembang_South_Sumatra_Sumatra-Hotels.html,Rp 468.608,https://www.tripadvisor.co.id/Flights-g608501-Palembang_South_Sumatra_Sumatra-Cheap_Discount_Airfares.html,Rp 869.123
Payangan,https://www.tripadvisor.co.id/Hotels-g608492-Payangan_Gianyar_Regency_Bali-Hotels.html,Rp 2.155.671,https://www.tripadvisor.co.id/Flights-g608492-Payangan_Gianyar_Regency_Bali-Cheap_Discount_Airfares.html,Rp 1.305.700
Kerobokan,https://www.tripadvisor.co.id/Hotels-g608486-Kerobokan_North_Kuta_Bali-Hotels.html,Rp 683.107,https://www.tripadvisor.co.id/Flights-g608486-Kerobokan_North_Kuta_Bali-Cheap_Discount_Airfares.html,Rp 1.305.700
Sukabumi,https://www.tripadvisor.co.id/Hotels-g297714-Sukabumi_West_Java_Java-Hotels.html,Rp 273.566,https://www.tripadvisor.co.id/Flights-g297714-Sukabumi_West_Java_Java-Cheap_Discount_Airfares.html,
Solo,https://www.tripadvisor.co.id/Hotels-g297713-Solo_Central_Java_Java-Hotels.html,Rp 150.119,https://www.tripadvisor.co.id/Flights-g297713-Solo_Central_Java_Java-Cheap_Discount_Airfares.html,Rp 887.300
Manado,https://www.tripadvisor.co.id/Hotels-g297721-Manado_North_Sulawesi_Sulawesi-Hotels.html,Rp 485.100,https://www.tripadvisor.co.id/Flights-g297721-Manado_North_Sulawesi_Sulawesi-Cheap_Discount_Airfares.html,Rp 2.161.400
Makassar,https://www.tripadvisor.co.id/Hotels-g297720-Makassar_South_Sulawesi_Sulawesi-Hotels.html,Rp 207.966,https://www.tripadvisor.co.id/Flights-g297720-Makassar_South_Sulawesi_Sulawesi-Cheap_Discount_Airfares.html,Rp 1.411.617
Raja Ampat,https://www.tripadvisor.co.id/Hotels-g2303999-Raja_Ampat_West_Papua-Hotels.html,Rp 2.941.819,https://www.tripadvisor.co.id/Flights-g2303999-Raja_Ampat_West_Papua-Cheap_Discount_Airfares.html,
Lembang,https://www.tripadvisor.co.id/Hotels-g7187358-Lembang_West_Java_Java-Hotels.html,Rp 669.421,https://www.tripadvisor.co.id/Flights-g7187358-Lembang_West_Java_Java-Cheap_Discount_Airfares.html,
Kedewatan,https://www.tripadvisor.co.id/Hotels-g1933359-Kedewatan_Ubud_Gianyar_Regency_Bali-Hotels.html,Rp 4.077.645,https://www.tripadvisor.co.id/Flights-g1933359-Kedewatan_Ubud_Gianyar_Regency_Bali-Cheap_Discount_Airfares.html,Rp 1.145.870
Kepulauan Gili,https://www.tripadvisor.co.id/Hotels-g1940487-Gili_Islands_Pemenang_Lombok_West_Nusa_Tenggara-Hotels.html,Rp 1.663.593,https://www.tripadvisor.co.id/Flights-g1940487-Gili_Islands_Pemenang_Lombok_West_Nusa_Tenggara-Cheap_Discount_Airfares.html,Rp 1.134.030
Tawangmangu,https://www.tripadvisor.co.id/Hotels-g3175991-Tawangmangu_Central_Java_Java-Hotels.html,Rp 402.462,https://www.tripadvisor.co.id/Flights-g3175991-Tawangmangu_Central_Java_Java-Cheap_Discount_Airfares.html,
Sukawati,https://www.tripadvisor.co.id/Hotels-g2646686-Sukawati_Gianyar_Regency_Bali-Hotels.html,Rp 3.103.585,https://www.tripadvisor.co.id/Flights-g2646686-Sukawati_Gianyar_Regency_Bali-Cheap_Discount_Airfares.html,Rp 1.290.200
Kedonganan,https://www.tripadvisor.co.id/Hotels-g3561989-Kedonganan_Jimbaran_South_Kuta_Bali-Hotels.html,Rp 373.106,https://www.tripadvisor.co.id/Flights-g3561989-Kedonganan_Jimbaran_South_Kuta_Bali-Cheap_Discount_Airfares.html,Rp 1.300.951
Serpong,https://www.tripadvisor.co.id/Hotels-g3574346-Serpong_Banten_Province_Java-Hotels.html,Rp 435.417,https://www.tripadvisor.co.id/Flights-g3574346-Serpong_Banten_Province_Java-Cheap_Discount_Airfares.html,
Pulau Weh,https://www.tripadvisor.co.id/Hotels-g1787388-Pulau_Weh_Aceh_Sumatra-Hotels.html,Rp 227.273,https://www.tripadvisor.co.id/Flights-g1787388-Pulau_Weh_Aceh_Sumatra-Cheap_Discount_Airfares.html,
Kepulauan Mentawai,https://www.tripadvisor.co.id/Hotels-g1572268-Mentawai_Islands_West_Sumatra_Sumatra-Hotels.html,Rp 272.727,https://www.tripadvisor.co.id/Flights-g1572268-Mentawai_Islands_West_Sumatra_Sumatra-Cheap_Discount_Airfares.html,Rp 1.111.700
Jepara,https://www.tripadvisor.co.id/Hotels-g1189712-Jepara_Central_Java_Java-Hotels.html,Rp 294.545,https://www.tripadvisor.co.id/Flights-g1189712-Jepara_Central_Java_Java-Cheap_Discount_Airfares.html,
Banda Aceh,https://www.tripadvisor.co.id/Hotels-g317109-Banda_Aceh_Aceh_Sumatra-Hotels.html,Rp 600.407,https://www.tripadvisor.co.id/Flights-g317109-Banda_Aceh_Aceh_Sumatra-Cheap_Discount_Airfares.html,Rp 2.827.200
Rantepao,https://www.tripadvisor.co.id/Hotels-g317108-Rantepao_South_Sulawesi_Sulawesi-Hotels.html,Rp 352.934,https://www.tripadvisor.co.id/Flights-g317108-Rantepao_South_Sulawesi_Sulawesi-Cheap_Discount_Airfares.html,
Samarinda,https://www.tripadvisor.co.id/Hotels-g317102-Samarinda_East_Kalimantan_Kalimantan-Hotels.html,Rp 370.248,https://www.tripadvisor.co.id/Flights-g317102-Samarinda_East_Kalimantan_Kalimantan-Cheap_Discount_Airfares.html,
Pontianak,https://www.tripadvisor.co.id/Hotels-g317101-Pontianak_West_Kalimantan_Kalimantan-Hotels.html,Rp 342.942,https://www.tripadvisor.co.id/Flights-g317101-Pontianak_West_Kalimantan_Kalimantan-Cheap_Discount_Airfares.html,Rp 1.741.300
Parapat,https://www.tripadvisor.co.id/Hotels-g297727-Parapat_North_Sumatra_Sumatra-Hotels.html,Rp 546.694,https://www.tripadvisor.co.id/Flights-g297727-Parapat_North_Sumatra_Sumatra-Cheap_Discount_Airfares.html,Rp 1.326.900
Sumatra,https://www.tripadvisor.co.id/Hotels-g294231-Sumatra-Hotels.html,Rp 227.273,https://www.tripadvisor.co.id/Flights-g294231-Sumatra-Cheap_Discount_Airfares.html,Rp 1.075.230
Singaraja,https://www.tripadvisor.co.id/Hotels-g297699-Singaraja_Buleleng_District_Buleleng_Regency_Bali-Hotels.html,Rp 1.995.000,https://www.tripadvisor.co.id/Flights-g297699-Singaraja_Buleleng_District_Buleleng_Regency_Bali-Cheap_Discount_Airfares.html,Rp 1.305.700
Banjarmasin,https://www.tripadvisor.co.id/Hotels-g303950-Banjarmasin_South_Kalimantan_Kalimantan-Hotels.html,Rp 557.851,https://www.tripadvisor.co.id/Flights-g303950-Banjarmasin_South_Kalimantan_Kalimantan-Cheap_Discount_Airfares.html,Rp 1.154.200
Kintamani,https://www.tripadvisor.co.id/Hotels-g303952-Kintamani_Bangli_Bali-Hotels.html,Rp 400.000,https://www.tripadvisor.co.id/Flights-g303952-Kintamani_Bangli_Bali-Cheap_Discount_Airfares.html,Rp 1.305.700
Tegal,https://www.tripadvisor.co.id/Hotels-g790289-Tegal_Central_Java_Java-Hotels.html,Rp 393.813,https://www.tripadvisor.co.id/Flights-g790289-Tegal_Central_Java_Java-Cheap_Discount_Airfares.html,
Salatiga,https://www.tripadvisor.co.id/Hotels-g1012818-Salatiga_Central_Java_Java-Hotels.html,Rp 389.463,https://www.tripadvisor.co.id/Flights-g1012818-Salatiga_Central_Java_Java-Cheap_Discount_Airfares.html,
Kepulauan Togian,https://www.tripadvisor.co.id/Hotels-g1025046-Togian_Islands_Central_Sulawesi_Sulawesi-Hotels.html,Rp 681.818,https://www.tripadvisor.co.id/Flights-g1025046-Togian_Islands_Central_Sulawesi_Sulawesi-Cheap_Discount_Airfares.html,
Jember,https://www.tripadvisor.co.id/Hotels-g1052738-Jember_East_Java_Java-Hotels.html,Rp 232.345,https://www.tripadvisor.co.id/Flights-g1052738-Jember_East_Java_Java-Cheap_Discount_Airfares.html,
Padangbai,https://www.tripadvisor.co.id/Hotels-g1078452-Padangbai_Bali-Hotels.html,Rp 758.315,https://www.tripadvisor.co.id/Flights-g1078452-Padangbai_Bali-Cheap_Discount_Airfares.html,Rp 1.145.870
Lagoi,https://www.tripadvisor.co.id/Hotels-g1096248-Lagoi_Bintan_Island_Bintan_Regency_Riau_Archipelago_Riau_Islands_Province-Hotels.html,Rp 9.768.000,https://www.tripadvisor.co.id/Flights-g1096248-Lagoi_Bintan_Island_Bintan_Regency_Riau_Archipelago_Riau_Islands_Province-Cheap_Discount_Airfares.html,
Karangasem,https://www.tripadvisor.co.id/Hotels-g608484-Karangasem_Bali-Hotels.html,Rp 744.245,https://www.tripadvisor.co.id/Flights-g608484-Karangasem_Bali-Cheap_Discount_Airfares.html,Rp 1.145.870
Ambon,https://www.tripadvisor.co.id/Hotels-g608477-Ambon_Maluku_Islands-Hotels.html,Rp 359.504,https://www.tripadvisor.co.id/Flights-g608477-Ambon_Maluku_Islands-Cheap_Discount_Airfares.html,Rp 5.066.600
Munduk,https://www.tripadvisor.co.id/Hotels-g608490-Munduk_Banjar_Buleleng_Regency_Bali-Hotels.html,Rp 244.643,https://www.tripadvisor.co.id/Flights-g608490-Munduk_Banjar_Buleleng_Regency_Bali-Cheap_Discount_Airfares.html,Rp 1.305.700
Kediri,https://www.tripadvisor.co.id/Hotels-g311297-Kediri_East_Java_Java-Hotels.html,Rp 278.649,https://www.tripadvisor.co.id/Flights-g311297-Kediri_East_Java_Java-Cheap_Discount_Airfares.html,
Jawa Barat,https://www.tripadvisor.co.id/Hotels-g2301792-West_Java_Java-Hotels.html,Rp 1.059.917,https://www.tripadvisor.co.id/Flights-g2301792-West_Java_Java-Cheap_Discount_Airfares.html,
Jawa Timur,https://www.tripadvisor.co.id/Hotels-g2301797-East_Java_Java-Hotels.html,Rp 400.000,https://www.tripadvisor.co.id/Flights-g2301797-East_Java_Java-Cheap_Discount_Airfares.html,
Depok,https://www.tripadvisor.co.id/Hotels-g5074492-Depok_Sleman_District_Yogyakarta_Region_Java-Hotels.html,Rp 850.000,https://www.tripadvisor.co.id/Flights-g5074492-Depok_Sleman_District_Yogyakarta_Region_Java-Cheap_Discount_Airfares.html,Rp 2.875.300
Kecamatan Kuta,https://www.tripadvisor.co.id/Hotels-g13117159-Kuta_District_Bali-Hotels.html,Rp 832.798,https://www.tripadvisor.co.id/Flights-g13117159-Kuta_District_Bali-Cheap_Discount_Airfares.html,Rp 1.305.700
Palangkaraya,https://www.tripadvisor.co.id/Hotels-g303951-Palangkaraya_Central_Kalimantan_Kalimantan-Hotels.html,Rp 515.702,https://www.tripadvisor.co.id/Flights-g303951-Palangkaraya_Central_Kalimantan_Kalimantan-Cheap_Discount_Airfares.html,Rp 1.393.300
Situbondo,https://www.tripadvisor.co.id/Hotels-g303955-Situbondo_East_Java_Java-Hotels.html,Rp 1.289.257,https://www.tripadvisor.co.id/Flights-g303955-Situbondo_East_Java_Java-Cheap_Discount_Airfares.html,
Mojokerto,https://www.tripadvisor.co.id/Hotels-g303954-Mojokerto_East_Java_Java-Hotels.html,Rp 121.440,https://www.tripadvisor.co.id/Flights-g303954-Mojokerto_East_Java_Java-Cheap_Discount_Airfares.html,
Carita,https://www.tripadvisor.co.id/Hotels-g317104-Carita_Labuhan_Banten_Province_Java-Hotels.html,Rp 1.307.247,https://www.tripadvisor.co.id/Flights-g317104-Carita_Labuhan_Banten_Province_Java-Cheap_Discount_Airfares.html,
Mengwi,https://www.tripadvisor.co.id/Hotels-g1025508-Mengwi_Bali-Hotels.html,Rp 217.140,https://www.tripadvisor.co.id/Flights-g1025508-Mengwi_Bali-Cheap_Discount_Airfares.html,Rp 1.305.700
Tampaksiring,https://www.tripadvisor.co.id/Hotels-g1025505-Tampaksiring_Gianyar_Regency_Bali-Hotels.html,Rp 1.044.908,https://www.tripadvisor.co.id/Flights-g1025505-Tampaksiring_Gianyar_Regency_Bali-Cheap_Discount_Airfares.html,Rp 1.349.802
Pasuruan,https://www.tripadvisor.co.id/Hotels-g297711-Pasuruan_East_Java_Java-Hotels.html,Rp 752.066,https://www.tripadvisor.co.id/Flights-g297711-Pasuruan_East_Java_Java-Cheap_Discount_Airfares.html,
Nusa Tenggara Barat,https://www.tripadvisor.co.id/Hotels-g297732-West_Nusa_Tenggara-Hotels.html,Rp 1.663.593,https://www.tripadvisor.co.id/Flights-g297732-West_Nusa_Tenggara-Cheap_Discount_Airfares.html,
Cianjur,https://www.tripadvisor.co.id/Hotels-g1006216-Cianjur_West_Java_Java-Hotels.html,Rp 252.066,https://www.tripadvisor.co.id/Flights-g1006216-Cianjur_West_Java_Java-Cheap_Discount_Airfares.html,
Pulau Bangka,https://www.tripadvisor.co.id/Hotels-g1234795-Bangka_Island_Bangka_Belitung_Islands_Sumatra-Hotels.html,Rp 384.000,https://www.tripadvisor.co.id/Flights-g1234795-Bangka_Island_Bangka_Belitung_Islands_Sumatra-Cheap_Discount_Airfares.html,
Pulau Bangka,https://www.tripadvisor.co.id/Hotels-g1234795-Bangka_Island_Bangka_Belitung_Islands_Sumatra-Hotels.html,Rp 384.000,https://www.tripadvisor.co.id/Flights-g1234795-Bangka_Island_Bangka_Belitung_Islands_Sumatra-Cheap_Discount_Airfares.html,Rp 1.075.230
Jayapura,https://www.tripadvisor.co.id/Hotels-g680181-Jayapura_Papua-Hotels.html,Rp 540.041,https://www.tripadvisor.co.id/Flights-g680181-Jayapura_Papua-Cheap_Discount_Airfares.html,Rp 7.279.100
Sorong,https://www.tripadvisor.co.id/Hotels-g680179-Sorong_West_Papua-Hotels.html,Rp 560.000,https://www.tripadvisor.co.id/Flights-g680179-Sorong_West_Papua-Cheap_Discount_Airfares.html,Rp 4.067.358
Pangkalan Bun,https://www.tripadvisor.co.id/Hotels-g680187-Pangkalan_Bun_Central_Kalimantan_Kalimantan-Hotels.html,Rp 909.091,https://www.tripadvisor.co.id/Flights-g680187-Pangkalan_Bun_Central_Kalimantan_Kalimantan-Cheap_Discount_Airfares.html,
Bitung,https://www.tripadvisor.co.id/Hotels-g680020-Bitung_North_Sulawesi_Sulawesi-Hotels.html,Rp 835.950,https://www.tripadvisor.co.id/Flights-g680020-Bitung_North_Sulawesi_Sulawesi-Cheap_Discount_Airfares.html,
Pematang Siantar,https://www.tripadvisor.co.id/Hotels-g680010-Pematangsiantar_North_Sumatra_Sumatra-Hotels.html,Rp 365.752,https://www.tripadvisor.co.id/Flights-g680010-Pematangsiantar_North_Sumatra_Sumatra-Cheap_Discount_Airfares.html,Rp 1.202.149
Palu,https://www.tripadvisor.co.id/Hotels-g680017-Palu_Central_Sulawesi_Sulawesi-Hotels.html,Rp 749.174,https://www.tripadvisor.co.id/Flights-g680017-Palu_Central_Sulawesi_Sulawesi-Cheap_Discount_Airfares.html,Rp 2.655.800
Wonosobo,https://www.tripadvisor.co.id/Hotels-g1137818-Wonosobo_Central_Java_Java-Hotels.html,Rp 245.239,https://www.tripadvisor.co.id/Flights-g1137818-Wonosobo_Central_Java_Java-Cheap_Discount_Airfares.html,
Trawas,https://www.tripadvisor.co.id/Hotels-g2698863-Trawas_East_Java_Java-Hotels.html,Rp 257.771,https://www.tripadvisor.co.id/Flights-g2698863-Trawas_East_Java_Java-Cheap_Discount_Airfares.html,
Prigen,https://www.tripadvisor.co.id/Hotels-g2699971-Prigen_East_Java_Java-Hotels.html,Rp 550.363,https://www.tripadvisor.co.id/Flights-g2699971-Prigen_East_Java_Java-Cheap_Discount_Airfares.html,
Parangtritis,https://www.tripadvisor.co.id/Hotels-g790292-Parangtritis_Yogyakarta_Region_Java-Hotels.html,Rp 624.743,https://www.tripadvisor.co.id/Flights-g790292-Parangtritis_Yogyakarta_Region_Java-Cheap_Discount_Airfares.html,Rp 1.787.500
Kupang,https://www.tripadvisor.co.id/Hotels-g679582-Kupang_West_Timor_East_Nusa_Tenggara-Hotels.html,Rp 321.000,https://www.tripadvisor.co.id/Flights-g679582-Kupang_West_Timor_East_Nusa_Tenggara-Cheap_Discount_Airfares.html,Rp 2.672.302
Seririt,https://www.tripadvisor.co.id/Hotels-g1629368-Seririt_Buleleng_Regency_Bali-Hotels.html,Rp 3.033.058,https://www.tripadvisor.co.id/Flights-g1629368-Seririt_Buleleng_Regency_Bali-Cheap_Discount_Airfares.html,Rp 1.300.951
Jawa Tengah,https://www.tripadvisor.co.id/Hotels-g2301793-Central_Java_Java-Hotels.html,Rp 150.119,https://www.tripadvisor.co.id/Flights-g2301793-Central_Java_Java-Cheap_Discount_Airfares.html,
Bantul,https://www.tripadvisor.co.id/Hotels-g2304084-Bantul_Yogyakarta_Region_Java-Hotels.html,Rp 139.166,https://www.tripadvisor.co.id/Flights-g2304084-Bantul_Yogyakarta_Region_Java-Cheap_Discount_Airfares.html,
Gunung Kidul,https://www.tripadvisor.co.id/Hotels-g2304083-Gunung_Kidul_Java-Hotels.html,Rp 302.424,https://www.tripadvisor.co.id/Flights-g2304083-Gunung_Kidul_Java-Cheap_Discount_Airfares.html,
Pulau Rote,https://www.tripadvisor.co.id/Hotels-g2301837-Rote_Island_West_Timor_East_Nusa_Tenggara-Hotels.html,Rp 1.314.152,https://www.tripadvisor.co.id/Flights-g2301837-Rote_Island_West_Timor_East_Nusa_Tenggara-Cheap_Discount_Airfares.html,Rp 4.856.154
Pulau Komodo,https://www.tripadvisor.co.id/Hotels-g2311506-Komodo_East_Nusa_Tenggara-Hotels.html,Rp 1.652.893,https://www.tripadvisor.co.id/Flights-g2311506-Komodo_East_Nusa_Tenggara-Cheap_Discount_Airfares.html,
Pulau Karimun,https://www.tripadvisor.co.id/Hotels-g2347651-Karimun_Island_Riau_Archipelago_Riau_Islands_Province-Hotels.html,Rp 323.580,https://www.tripadvisor.co.id/Flights-g2347651-Karimun_Island_Riau_Archipelago_Riau_Islands_Province-Cheap_Discount_Airfares.html,
Cilacap,https://www.tripadvisor.co.id/Hotels-g317105-Cilacap_Central_Java_Java-Hotels.html,Rp 308.000,https://www.tripadvisor.co.id/Flights-g317105-Cilacap_Central_Java_Java-Cheap_Discount_Airfares.html,
Tanjung Pinang,https://www.tripadvisor.co.id/Hotels-g303959-Tanjung_Pinang_Bintan_Island_Bintan_Regency_Riau_Archipelago_Riau_Islands_Province-Hotels.html,Rp 1.225.444,https://www.tripadvisor.co.id/Flights-g303959-Tanjung_Pinang_Bintan_Island_Bintan_Regency_Riau_Archipelago_Riau_Islands_Province-Cheap_Discount_Airfares.html,Rp 1.879.800
Berau,https://www.tripadvisor.co.id/Hotels-g3206484-Berau_East_Kalimantan_Kalimantan-Hotels.html,Rp 1.074.380,https://www.tripadvisor.co.id/Flights-g3206484-Berau_East_Kalimantan_Kalimantan-Cheap_Discount_Airfares.html,Rp 2.853.973
Pacitan,https://www.tripadvisor.co.id/Hotels-g3175993-Pacitan_East_Java_Java-Hotels.html,Rp 826.446,https://www.tripadvisor.co.id/Flights-g3175993-Pacitan_East_Java_Java-Cheap_Discount_Airfares.html,
Sibolga,https://www.tripadvisor.co.id/Hotels-g3182091-Sibolga_North_Sumatra_Sumatra-Hotels.html,Rp 302.842,https://www.tripadvisor.co.id/Flights-g3182091-Sibolga_North_Sumatra_Sumatra-Cheap_Discount_Airfares.html,Rp 3.524.808
Sidoarjo,https://www.tripadvisor.co.id/Hotels-g3175994-Sidoarjo_East_Java_Java-Hotels.html,Rp 298.000,https://www.tripadvisor.co.id/Flights-g3175994-Sidoarjo_East_Java_Java-Cheap_Discount_Airfares.html,
Medewi,https://www.tripadvisor.co.id/Hotels-g3175960-Medewi_Bali-Hotels.html,Rp 843.472,https://www.tripadvisor.co.id/Flights-g3175960-Medewi_Bali-Cheap_Discount_Airfares.html,Rp 1.356.671
Ungaran,https://www.tripadvisor.co.id/Hotels-g3207850-Ungaran_Central_Java_Java-Hotels.html,Rp 415.239,https://www.tripadvisor.co.id/Flights-g3207850-Ungaran_Central_Java_Java-Cheap_Discount_Airfares.html,
Sabang,https://www.tripadvisor.co.id/Hotels-g2540440-Sabang_Pulau_Weh_Aceh_Sumatra-Hotels.html,Rp 227.273,https://www.tripadvisor.co.id/Flights-g2540440-Sabang_Pulau_Weh_Aceh_Sumatra-Cheap_Discount_Airfares.html,
Pekalongan,https://www.tripadvisor.co.id/Hotels-g2040542-Pekalongan_Central_Java_Java-Hotels.html,Rp 210.677,https://www.tripadvisor.co.id/Flights-g2040542-Pekalongan_Central_Java_Java-Cheap_Discount_Airfares.html,
Karawang,https://www.tripadvisor.co.id/Hotels-g2048660-Karawang_Karawang_Regency_West_Java_Java-Hotels.html,Rp 578.999,https://www.tripadvisor.co.id/Flights-g2048660-Karawang_Karawang_Regency_West_Java_Java-Cheap_Discount_Airfares.html,
Klungkung,https://www.tripadvisor.co.id/Hotels-g1953908-Klungkung_Bali-Hotels.html,Rp 1.069.800,https://www.tripadvisor.co.id/Flights-g1953908-Klungkung_Bali-Cheap_Discount_Airfares.html,Rp 1.356.356
Tejakula,https://www.tripadvisor.co.id/Hotels-g1791618-Tejakula_Buleleng_Regency_Bali-Hotels.html,Rp 1.652.893,https://www.tripadvisor.co.id/Flights-g1791618-Tejakula_Buleleng_Regency_Bali-Cheap_Discount_Airfares.html,Rp 1.290.200
Purwakarta,https://www.tripadvisor.co.id/Hotels-g1823197-Purwakarta_West_Java_Java-Hotels.html,Rp 478.280,https://www.tripadvisor.co.id/Flights-g1823197-Purwakarta_West_Java_Java-Cheap_Discount_Airfares.html,
Mangsit,https://www.tripadvisor.co.id/Hotels-g2708413-Mangsit_Senggigi_Lombok_West_Nusa_Tenggara-Hotels.html,Rp 1.091.836,https://www.tripadvisor.co.id/Flights-g2708413-Mangsit_Senggigi_Lombok_West_Nusa_Tenggara-Cheap_Discount_Airfares.html,Rp 1.781.000
Mambal,https://www.tripadvisor.co.id/Hotels-g4061795-Mambal_Ubud_Gianyar_Regency_Bali-Hotels.html,Rp 2.976.749,https://www.tripadvisor.co.id/Flights-g4061795-Mambal_Ubud_Gianyar_Regency_Bali-Cheap_Discount_Airfares.html,Rp 1.300.650
Kepulauan Anambas,https://www.tripadvisor.co.id/Hotels-g3400865-Anambas_Islands_Riau_Islands_Province-Hotels.html,,https://www.tripadvisor.co.id/Flights-g3400865-Anambas_Islands_Riau_Islands_Province-Cheap_Discount_Airfares.html,
Cipanas,https://www.tripadvisor.co.id/Hotels-g5970498-Cipanas_West_Java_Java-Hotels.html,Rp 642.791,https://www.tripadvisor.co.id/Flights-g5970498-Cipanas_West_Java_Java-Cheap_Discount_Airfares.html,
Ngaglik,https://www.tripadvisor.co.id/Hotels-g3916131-Ngaglik_Sleman_District_Yogyakarta_Region_Java-Hotels.html,Rp 960.338,https://www.tripadvisor.co.id/Flights-g3916131-Ngaglik_Sleman_District_Yogyakarta_Region_Java-Cheap_Discount_Airfares.html,Rp 2.875.300
Temanggung,https://www.tripadvisor.co.id/Hotels-g3576942-Temanggung_Central_Java_Java-Hotels.html,Rp 163.636,https://www.tripadvisor.co.id/Flights-g3576942-Temanggung_Central_Java_Java-Cheap_Discount_Airfares.html,
Keramas,https://www.tripadvisor.co.id/Hotels-g3591831-Keramas_Blahbatuh_Gianyar_Regency_Bali-Hotels.html,Rp 3.201.186,https://www.tripadvisor.co.id/Flights-g3591831-Keramas_Blahbatuh_Gianyar_Regency_Bali-Cheap_Discount_Airfares.html,Rp 1.340.775
Bondalem,https://www.tripadvisor.co.id/Hotels-g1567365-Bondalem_Tejakula_Buleleng_Regency_Bali-Hotels.html,Rp 952.320,https://www.tripadvisor.co.id/Flights-g1567365-Bondalem_Tejakula_Buleleng_Regency_Bali-Cheap_Discount_Airfares.html,Rp 1.300.650
Bengkulu,https://www.tripadvisor.co.id/Hotels-g1472388-Bengkulu_Bengkulu_Province_Sumatra-Hotels.html,Rp 254.545,https://www.tripadvisor.co.id/Flights-g1472388-Bengkulu_Bengkulu_Province_Sumatra-Cheap_Discount_Airfares.html,Rp 977.348
Gili Gede,https://www.tripadvisor.co.id/Hotels-g8707649-Gili_Gede_Gili_Islands_Pemenang_Lombok_West_Nusa_Tenggara-Hotels.html,Rp 495.868,https://www.tripadvisor.co.id/Flights-g8707649-Gili_Gede_Gili_Islands_Pemenang_Lombok_West_Nusa_Tenggara-Cheap_Discount_Airfares.html,Rp 1.185.895
Baturaden,https://www.tripadvisor.co.id/Hotels-g1062752-Baturaden_Central_Java_Java-Hotels.html,Rp 128.659,https://www.tripadvisor.co.id/Flights-g1062752-Baturaden_Central_Java_Java-Cheap_Discount_Airfares.html,
Bandar Neira,https://www.tripadvisor.co.id/Hotels-g2444699-Banda_Neira_Maluku_Islands-Hotels.html,,https://www.tripadvisor.co.id/Flights-g2444699-Banda_Neira_Maluku_Islands-Cheap_Discount_Airfares.html,
Kebumen,https://www.tripadvisor.co.id/Hotels-g3576937-Kebumen_Central_Java_Java-Hotels.html,Rp 106.313,https://www.tripadvisor.co.id/Flights-g3576937-Kebumen_Central_Java_Java-Cheap_Discount_Airfares.html,
Kepulauan Bangka Belitung,https://www.tripadvisor.co.id/Hotels-g2301790-Bangka_Belitung_Islands_Sumatra-Hotels.html,Rp 500.000,https://www.tripadvisor.co.id/Flights-g2301790-Bangka_Belitung_Islands_Sumatra-Cheap_Discount_Airfares.html,Rp 1.152.300
Sumatera Utara,https://www.tripadvisor.co.id/Hotels-g2301775-North_Sumatra_Sumatra-Hotels.html,Rp 1.457.764,https://www.tripadvisor.co.id/Flights-g2301775-North_Sumatra_Sumatra-Cheap_Discount_Airfares.html,Rp 1.358.600
Kudus,https://www.tripadvisor.co.id/Hotels-g1966182-Kudus_Central_Java_Java-Hotels.html,Rp 244.155,https://www.tripadvisor.co.id/Flights-g1966182-Kudus_Central_Java_Java-Cheap_Discount_Airfares.html,
Mamuju,https://www.tripadvisor.co.id/Hotels-g3404989-Mamuju_West_Sulawesi_Sulawesi-Hotels.html,Rp 134.099,https://www.tripadvisor.co.id/Flights-g3404989-Mamuju_West_Sulawesi_Sulawesi-Cheap_Discount_Airfares.html,Rp 4.141.700
Lampung,https://www.tripadvisor.co.id/Hotels-g2301788-Lampung_Sumatra-Hotels.html,Rp 330.579,https://www.tripadvisor.co.id/Flights-g2301788-Lampung_Sumatra-Cheap_Discount_Airfares.html,Rp 1.075.230
Alor,https://www.tripadvisor.co.id/Hotels-g1600794-Alor_Island_East_Nusa_Tenggara-Hotels.html,,https://www.tripadvisor.co.id/Flights-g1600794-Alor_Island_East_Nusa_Tenggara-Cheap_Discount_Airfares.html,Rp 6.306.742
Panakkukang,https://www.tripadvisor.co.id/Hotels-g3834109-Panakkukang_Makassar_South_Sulawesi_Sulawesi-Hotels.html,Rp 291.309,https://www.tripadvisor.co.id/Flights-g3834109-Panakkukang_Makassar_South_Sulawesi_Sulawesi-Cheap_Discount_Airfares.html,Rp 1.411.617
Bedugul,https://www.tripadvisor.co.id/Hotels-g7713260-Bedugul_Baturiti_Bali-Hotels.html,Rp 210.000,https://www.tripadvisor.co.id/Flights-g7713260-Bedugul_Baturiti_Bali-Cheap_Discount_Airfares.html,Rp 1.356.356
Kerobokan Kelod,https://www.tripadvisor.co.id/Hotels-g13356179-Kerobokan_Kelod_North_Kuta_Bali-Hotels.html,Rp 208.434,https://www.tripadvisor.co.id/Flights-g13356179-Kerobokan_Kelod_North_Kuta_Bali-Cheap_Discount_Airfares.html,Rp 1.359.868
Buleleng,https://www.tripadvisor.co.id/Hotels-g1372806-Buleleng_District_Buleleng_Regency_Bali-Hotels.html,Rp 282.645,https://www.tripadvisor.co.id/Flights-g1372806-Buleleng_District_Buleleng_Regency_Bali-Cheap_Discount_Airfares.html,Rp 1.145.870
Buleleng,https://www.tripadvisor.co.id/Hotels-g1372806-Buleleng_District_Buleleng_Regency_Bali-Hotels.html,Rp 282.645,https://www.tripadvisor.co.id/Flights-g1372806-Buleleng_District_Buleleng_Regency_Bali-Cheap_Discount_Airfares.html,Rp 1.145.870
Pekutatan,https://www.tripadvisor.co.id/Hotels-g1234719-Pekutatan_Bali-Hotels.html,Rp 1.233.438,https://www.tripadvisor.co.id/Flights-g1234719-Pekutatan_Bali-Cheap_Discount_Airfares.html,Rp 1.395.323
Tulungagung,https://www.tripadvisor.co.id/Hotels-g3207852-Tulungagung_East_Java_Java-Hotels.html,Rp 277.966,https://www.tripadvisor.co.id/Flights-g3207852-Tulungagung_East_Java_Java-Cheap_Discount_Airfares.html,
Maumere,https://www.tripadvisor.co.id/Hotels-g676343-Maumere_Flores_East_Nusa_Tenggara-Hotels.html,Rp 156.477,https://www.tripadvisor.co.id/Flights-g676343-Maumere_Flores_East_Nusa_Tenggara-Cheap_Discount_Airfares.html,Rp 4.503.107
Tomohon,https://www.tripadvisor.co.id/Hotels-g680013-Tomohon_North_Sulawesi_Sulawesi-Hotels.html,Rp 215.702,https://www.tripadvisor.co.id/Flights-g680013-Tomohon_North_Sulawesi_Sulawesi-Cheap_Discount_Airfares.html,
Pulau Moyo,https://www.tripadvisor.co.id/Hotels-g1820453-Moyo_Island_West_Nusa_Tenggara-Hotels.html,Rp 181.818,https://www.tripadvisor.co.id/Flights-g1820453-Moyo_Island_West_Nusa_Tenggara-Cheap_Discount_Airfares.html,
Jombang,https://www.tripadvisor.co.id/Hotels-g3561625-Jombang_East_Java_Java-Hotels.html,Rp 193.338,https://www.tripadvisor.co.id/Flights-g3561625-Jombang_East_Java_Java-Cheap_Discount_Airfares.html,
Waisai,https://www.tripadvisor.co.id/Hotels-g3632533-Waisai_Raja_Ampat_West_Papua-Hotels.html,Rp 3.622.546,https://www.tripadvisor.co.id/Flights-g3632533-Waisai_Raja_Ampat_West_Papua-Cheap_Discount_Airfares.html,
Pulau Simeulue,https://www.tripadvisor.co.id/Hotels-g3648972-Pulau_Simeulue_Aceh_Sumatra-Hotels.html,Rp 1.192.206,https://www.tripadvisor.co.id/Flights-g3648972-Pulau_Simeulue_Aceh_Sumatra-Cheap_Discount_Airfares.html,
Selong Belanak,https://www.tripadvisor.co.id/Hotels-g2147811-Selong_Belanak_Lombok_West_Nusa_Tenggara-Hotels.html,Rp 1.238.194,https://www.tripadvisor.co.id/Flights-g2147811-Selong_Belanak_Lombok_West_Nusa_Tenggara-Cheap_Discount_Airfares.html,Rp 1.185.895
Pulau Lembeh,https://www.tripadvisor.co.id/Hotels-g1071667-Pulau_Lembeh_Bitung_North_Sulawesi_Sulawesi-Hotels.html,Rp 875.000,https://www.tripadvisor.co.id/Flights-g1071667-Pulau_Lembeh_Bitung_North_Sulawesi_Sulawesi-Cheap_Discount_Airfares.html,
Pejeng Kangin,https://www.tripadvisor.co.id/Hotels-g12076487-Pejeng_Kangin_Tampaksiring_Gianyar_Regency_Bali-Hotels.html,Rp 1.350.000,https://www.tripadvisor.co.id/Flights-g12076487-Pejeng_Kangin_Tampaksiring_Gianyar_Regency_Bali-Cheap_Discount_Airfares.html,Rp 1.408.784
Pulau Malenge,https://www.tripadvisor.co.id/Hotels-g12834203-Malenge_Island_Togian_Islands_Central_Sulawesi_Sulawesi-Hotels.html,Rp 700.000,https://www.tripadvisor.co.id/Flights-g12834203-Malenge_Island_Togian_Islands_Central_Sulawesi_Sulawesi-Cheap_Discount_Airfares.html,
Merek,https://www.tripadvisor.co.id/Hotels-g5988169-Merek_North_Sumatra_Sumatra-Hotels.html,Rp 1.457.764,https://www.tripadvisor.co.id/Flights-g5988169-Merek_North_Sumatra_Sumatra-Cheap_Discount_Airfares.html,Rp 1.202.149
Kuta Utara,https://www.tripadvisor.co.id/Hotels-g12622795-North_Kuta_Bali-Hotels.html,Rp 2.269.611,https://www.tripadvisor.co.id/Flights-g12622795-North_Kuta_Bali-Cheap_Discount_Airfares.html,Rp 1.512.600
Nganjuk,https://www.tripadvisor.co.id/Hotels-g1472380-Nganjuk_East_Java_Java-Hotels.html,Rp 330.579,https://www.tripadvisor.co.id/Flights-g1472380-Nganjuk_East_Java_Java-Cheap_Discount_Airfares.html,
Takengon,https://www.tripadvisor.co.id/Hotels-g2373422-Takengon_Aceh_Sumatra-Hotels.html,Rp 736.727,https://www.tripadvisor.co.id/Flights-g2373422-Takengon_Aceh_Sumatra-Cheap_Discount_Airfares.html,
Pandeglang,https://www.tripadvisor.co.id/Hotels-g3396006-Pandeglang_Banten_Province_Java-Hotels.html,Rp 603.306,https://www.tripadvisor.co.id/Flights-g3396006-Pandeglang_Banten_Province_Java-Cheap_Discount_Airfares.html,
Payakumbuh,https://www.tripadvisor.co.id/Hotels-g3398689-Payakumbuh_West_Sumatra_Sumatra-Hotels.html,,https://www.tripadvisor.co.id/Flights-g3398689-Payakumbuh_West_Sumatra_Sumatra-Cheap_Discount_Airfares.html,Rp 1.581.040
Trenggalek,https://www.tripadvisor.co.id/Hotels-g3932216-Trenggalek_East_Java_Java-Hotels.html,Rp 127.412,https://www.tripadvisor.co.id/Flights-g3932216-Trenggalek_East_Java_Java-Cheap_Discount_Airfares.html,
Pakem,https://www.tripadvisor.co.id/Hotels-g4475689-Pakem_Yogyakarta_Region_Java-Hotels.html,Rp 181.313,https://www.tripadvisor.co.id/Flights-g4475689-Pakem_Yogyakarta_Region_Java-Cheap_Discount_Airfares.html,
Kaliurang,https://www.tripadvisor.co.id/Hotels-g2698839-Kaliurang_Central_Java_Java-Hotels.html,Rp 251.240,https://www.tripadvisor.co.id/Flights-g2698839-Kaliurang_Central_Java_Java-Cheap_Discount_Airfares.html,
Sengkang,https://www.tripadvisor.co.id/Hotels-g3178762-Sengkang_South_Sulawesi_Sulawesi-Hotels.html,Rp 561.983,https://www.tripadvisor.co.id/Flights-g3178762-Sengkang_South_Sulawesi_Sulawesi-Cheap_Discount_Airfares.html,
Kalianda,https://www.tripadvisor.co.id/Hotels-g3181449-Kalianda_Lampung_Sumatra-Hotels.html,Rp 586.222,https://www.tripadvisor.co.id/Flights-g3181449-Kalianda_Lampung_Sumatra-Cheap_Discount_Airfares.html,Rp 1.637.371
Bondowoso,https://www.tripadvisor.co.id/Hotels-g3200172-Bondowoso_East_Java_Java-Hotels.html,Rp 416.107,https://www.tripadvisor.co.id/Flights-g3200172-Bondowoso_East_Java_Java-Cheap_Discount_Airfares.html,
Padang Sidempuan,https://www.tripadvisor.co.id/Hotels-g3200153-Padang_Sidempuan_North_Sumatra_Sumatra-Hotels.html,Rp 348.925,https://www.tripadvisor.co.id/Flights-g3200153-Padang_Sidempuan_North_Sumatra_Sumatra-Cheap_Discount_Airfares.html,Rp 4.373.443
Sukapura,https://www.tripadvisor.co.id/Hotels-g3199127-Sukapura_East_Java_Java-Hotels.html,Rp 1.074.380,https://www.tripadvisor.co.id/Flights-g3199127-Sukapura_East_Java_Java-Cheap_Discount_Airfares.html,
Ponorogo,https://www.tripadvisor.co.id/Hotels-g2654170-Ponorogo_East_Java_Java-Hotels.html,Rp 346.763,https://www.tripadvisor.co.id/Flights-g2654170-Ponorogo_East_Java_Java-Cheap_Discount_Airfares.html,
Bojonegoro,https://www.tripadvisor.co.id/Hotels-g3733889-Bojonegoro_East_Java_Java-Hotels.html,Rp 230.400,https://www.tripadvisor.co.id/Flights-g3733889-Bojonegoro_East_Java_Java-Cheap_Discount_Airfares.html,
Pemaron,https://www.tripadvisor.co.id/Hotels-g1600249-Pemaron_Lovina_Beach_Buleleng_District_Buleleng_Regency_Bali-Hotels.html,Rp 697.528,https://www.tripadvisor.co.id/Flights-g1600249-Pemaron_Lovina_Beach_Buleleng_District_Buleleng_Regency_Bali-Cheap_Discount_Airfares.html,Rp 1.300.650
Anturan,https://www.tripadvisor.co.id/Hotels-g1600236-Anturan_Lovina_Beach_Buleleng_District_Buleleng_Regency_Bali-Hotels.html,Rp 570.248,https://www.tripadvisor.co.id/Flights-g1600236-Anturan_Lovina_Beach_Buleleng_District_Buleleng_Regency_Bali-Cheap_Discount_Airfares.html,Rp 1.269.700
Pulau Seram,https://www.tripadvisor.co.id/Hotels-g1600180-Seram_Island_Maluku_Islands-Hotels.html,,https://www.tripadvisor.co.id/Flights-g1600180-Seram_Island_Maluku_Islands-Cheap_Discount_Airfares.html,
Sulawesi Utara,https://www.tripadvisor.co.id/Hotels-g2301803-North_Sulawesi_Sulawesi-Hotels.html,Rp 835.950,https://www.tripadvisor.co.id/Flights-g2301803-North_Sulawesi_Sulawesi-Cheap_Discount_Airfares.html,
Banjarbaru,https://www.tripadvisor.co.id/Hotels-g6440630-Banjarbaru_South_Kalimantan_Kalimantan-Hotels.html,Rp 565.800,https://www.tripadvisor.co.id/Flights-g6440630-Banjarbaru_South_Kalimantan_Kalimantan-Cheap_Discount_Airfares.html,Rp 4.014.500
Morotai,https://www.tripadvisor.co.id/Hotels-g800482-Morotai_North_Maluku_Maluku_Islands-Hotels.html,Rp 3.605.455,https://www.tripadvisor.co.id/Flights-g800482-Morotai_North_Maluku_Maluku_Islands-Cheap_Discount_Airfares.html,Rp 4.961.700
Ende,https://www.tripadvisor.co.id/Hotels-g800614-Ende_Flores_East_Nusa_Tenggara-Hotels.html,Rp 241.667,https://www.tripadvisor.co.id/Flights-g800614-Ende_Flores_East_Nusa_Tenggara-Cheap_Discount_Airfares.html,Rp 4.111.357
Jembrana,https://www.tripadvisor.co.id/Hotels-g608482-Jembrana_Bali-Hotels.html,Rp 454.545,https://www.tripadvisor.co.id/Flights-g608482-Jembrana_Bali-Cheap_Discount_Airfares.html,Rp 1.305.700
Pupuan,https://www.tripadvisor.co.id/Hotels-g311299-Pupuan_Bali-Hotels.html,Rp 204.636,https://www.tripadvisor.co.id/Flights-g311299-Pupuan_Bali-Cheap_Discount_Airfares.html,Rp 1.300.650
Biak,https://www.tripadvisor.co.id/Hotels-g317107-Biak_Papua-Hotels.html,Rp 413.637,https://www.tripadvisor.co.id/Flights-g317107-Biak_Papua-Cheap_Discount_Airfares.html,Rp 5.812.100
Pererenan,https://www.tripadvisor.co.id/Hotels-g5323528-Pererenan_Canggu_North_Kuta_Bali-Hotels.html,Rp 1.021.536,https://www.tripadvisor.co.id/Flights-g5323528-Pererenan_Canggu_North_Kuta_Bali-Cheap_Discount_Airfares.html,Rp 1.305.700
Tarutung,https://www.tripadvisor.co.id/Hotels-g4366274-Tarutung_North_Sumatra_Sumatra-Hotels.html,Rp 429.570,https://www.tripadvisor.co.id/Flights-g4366274-Tarutung_North_Sumatra_Sumatra-Cheap_Discount_Airfares.html,Rp 3.967.014
Wamena,https://www.tripadvisor.co.id/Hotels-g680180-Wamena_Papua-Hotels.html,Rp 987.769,https://www.tripadvisor.co.id/Flights-g680180-Wamena_Papua-Cheap_Discount_Airfares.html,Rp 8.347.400
Merauke,https://www.tripadvisor.co.id/Hotels-g2646673-Merauke_Papua-Hotels.html,Rp 940.393,https://www.tripadvisor.co.id/Flights-g2646673-Merauke_Papua-Cheap_Discount_Airfares.html,Rp 9.152.495
Pulau Pef,https://www.tripadvisor.co.id/Hotels-g2690061-Pulau_Pef_Raja_Ampat_West_Papua-Hotels.html,Rp 698.000,https://www.tripadvisor.co.id/Flights-g2690061-Pulau_Pef_Raja_Ampat_West_Papua-Cheap_Discount_Airfares.html,
Riau Archipelago,https://www.tripadvisor.co.id/Hotels-g2347741-Riau_Archipelago_Riau_Islands_Province-Hotels.html,Rp 1.426.872,https://www.tripadvisor.co.id/Flights-g2347741-Riau_Archipelago_Riau_Islands_Province-Cheap_Discount_Airfares.html,
Melayang,https://www.tripadvisor.co.id/Hotels-g1628287-Melayang_Ubud_Gianyar_Regency_Bali-Hotels.html,Rp 1.881.819,https://www.tripadvisor.co.id/Flights-g1628287-Melayang_Ubud_Gianyar_Regency_Bali-Cheap_Discount_Airfares.html,Rp 1.197.735
Nembrala,https://www.tripadvisor.co.id/Hotels-g3359493-Nembrala_Rote_Island_West_Timor_East_Nusa_Tenggara-Hotels.html,Rp 1.066.116,https://www.tripadvisor.co.id/Flights-g3359493-Nembrala_Rote_Island_West_Timor_East_Nusa_Tenggara-Cheap_Discount_Airfares.html,Rp 4.855.842
Pandaan,https://www.tripadvisor.co.id/Hotels-g3185086-Pandaan_East_Java_Java-Hotels.html,Rp 2.936.364,https://www.tripadvisor.co.id/Flights-g3185086-Pandaan_East_Java_Java-Cheap_Discount_Airfares.html,
Songan,https://www.tripadvisor.co.id/Hotels-g3185106-Songan_Kintamani_Bangli_Bali-Hotels.html,Rp 413.223,https://www.tripadvisor.co.id/Flights-g3185106-Songan_Kintamani_Bangli_Bali-Cheap_Discount_Airfares.html,Rp 1.300.650
Kedisan,https://www.tripadvisor.co.id/Hotels-g3187036-Kedisan_Kintamani_Bangli_Bali-Hotels.html,Rp 485.951,https://www.tripadvisor.co.id/Flights-g3187036-Kedisan_Kintamani_Bangli_Bali-Cheap_Discount_Airfares.html,Rp 1.354.060
Blahbatuh,https://www.tripadvisor.co.id/Hotels-g3187067-Blahbatuh_Gianyar_Regency_Bali-Hotels.html,Rp 3.636.364,https://www.tripadvisor.co.id/Flights-g3187067-Blahbatuh_Gianyar_Regency_Bali-Cheap_Discount_Airfares.html,Rp 1.290.200
Galang,https://www.tripadvisor.co.id/Hotels-g3359611-Galang_Riau_Archipelago_Riau_Islands_Province-Hotels.html,Rp 1.726.492,https://www.tripadvisor.co.id/Flights-g3359611-Galang_Riau_Archipelago_Riau_Islands_Province-Cheap_Discount_Airfares.html,
Purwodadi,https://www.tripadvisor.co.id/Hotels-g3389996-Purwodadi_Central_Java_Java-Hotels.html,Rp 209.999,https://www.tripadvisor.co.id/Flights-g3389996-Purwodadi_Central_Java_Java-Cheap_Discount_Airfares.html,
Maros,https://www.tripadvisor.co.id/Hotels-g3365789-Maros_South_Sulawesi_Sulawesi-Hotels.html,Rp 262.149,https://www.tripadvisor.co.id/Flights-g3365789-Maros_South_Sulawesi_Sulawesi-Cheap_Discount_Airfares.html,Rp 5.125.513
Penebel,https://www.tripadvisor.co.id/Hotels-g3365818-Penebel_Bali-Hotels.html,Rp 714.463,https://www.tripadvisor.co.id/Flights-g3365818-Penebel_Bali-Cheap_Discount_Airfares.html,Rp 1.408.784
Provinsi Riau,https://www.tripadvisor.co.id/Hotels-g3253675-Riau_Province_Sumatra-Hotels.html,Rp 367.310,https://www.tripadvisor.co.id/Flights-g3253675-Riau_Province_Sumatra-Cheap_Discount_Airfares.html,Rp 1.238.519
Sragen,https://www.tripadvisor.co.id/Hotels-g3312574-Sragen_Central_Java_Java-Hotels.html,Rp 123.718,https://www.tripadvisor.co.id/Flights-g3312574-Sragen_Central_Java_Java-Cheap_Discount_Airfares.html,
Ciamis,https://www.tripadvisor.co.id/Hotels-g3310650-Ciamis_West_Java_Java-Hotels.html,Rp 166.314,https://www.tripadvisor.co.id/Flights-g3310650-Ciamis_West_Java_Java-Cheap_Discount_Airfares.html,
Tenggarong,https://www.tripadvisor.co.id/Hotels-g3336917-Tenggarong_East_Kalimantan_Kalimantan-Hotels.html,Rp 230.455,https://www.tripadvisor.co.id/Flights-g3336917-Tenggarong_East_Kalimantan_Kalimantan-Cheap_Discount_Airfares.html,Rp 3.708.400
Makale,https://www.tripadvisor.co.id/Hotels-g3334502-Makale_South_Sulawesi_Sulawesi-Hotels.html,Rp 371.901,https://www.tripadvisor.co.id/Flights-g3334502-Makale_South_Sulawesi_Sulawesi-Cheap_Discount_Airfares.html,Rp 4.577.100
Kepulauan Kai,https://www.tripadvisor.co.id/Hotels-g3334605-Kai_Islands_Maluku_Islands-Hotels.html,Rp 295.455,https://www.tripadvisor.co.id/Flights-g3334605-Kai_Islands_Maluku_Islands-Cheap_Discount_Airfares.html,
Cimahi,https://www.tripadvisor.co.id/Hotels-g1784984-Cimahi_West_Java_Java-Hotels.html,Rp 131.973,https://www.tripadvisor.co.id/Flights-g1784984-Cimahi_West_Java_Java-Cheap_Discount_Airfares.html,
Kaliasem,https://www.tripadvisor.co.id/Hotels-g1600250-Kaliasem_Lovina_Beach_Buleleng_District_Buleleng_Regency_Bali-Hotels.html,Rp 486.231,https://www.tripadvisor.co.id/Flights-g1600250-Kaliasem_Lovina_Beach_Buleleng_District_Buleleng_Regency_Bali-Cheap_Discount_Airfares.html,Rp 1.408.784
Temukus,https://www.tripadvisor.co.id/Hotels-g1600235-Temukus_Lovina_Beach_Buleleng_District_Buleleng_Regency_Bali-Hotels.html,Rp 578.512,https://www.tripadvisor.co.id/Flights-g1600235-Temukus_Lovina_Beach_Buleleng_District_Buleleng_Regency_Bali-Cheap_Discount_Airfares.html,Rp 1.356.356
Lahat,https://www.tripadvisor.co.id/Hotels-g1233750-Lahat_South_Sumatra_Sumatra-Hotels.html,Rp 459.137,https://www.tripadvisor.co.id/Flights-g1233750-Lahat_South_Sumatra_Sumatra-Cheap_Discount_Airfares.html,
Sumbawa Besar,https://www.tripadvisor.co.id/Hotels-g317110-Sumbawa_Besar_Sumbawa_West_Nusa_Tenggara-Hotels.html,Rp 323.503,https://www.tripadvisor.co.id/Flights-g317110-Sumbawa_Besar_Sumbawa_West_Nusa_Tenggara-Cheap_Discount_Airfares.html,Rp 2.848.723
Teluk Bakau,https://www.tripadvisor.co.id/Hotels-g3223519-Telukbakau_Bintan_Island_Bintan_Regency_Riau_Archipelago_Riau_Islands_Province-Hotels.html,Rp 533.256,https://www.tripadvisor.co.id/Flights-g3223519-Telukbakau_Bintan_Island_Bintan_Regency_Riau_Archipelago_Riau_Islands_Province-Cheap_Discount_Airfares.html,
Pemenang,https://www.tripadvisor.co.id/Hotels-g3224197-Pemenang_Lombok_West_Nusa_Tenggara-Hotels.html,Rp 437.702,https://www.tripadvisor.co.id/Flights-g3224197-Pemenang_Lombok_West_Nusa_Tenggara-Cheap_Discount_Airfares.html,Rp 1.185.895
Saparua,https://www.tripadvisor.co.id/Hotels-g3793647-Saparua_Maluku_Maluku_Islands-Hotels.html,Rp 743.802,https://www.tripadvisor.co.id/Flights-g3793647-Saparua_Maluku_Maluku_Islands-Cheap_Discount_Airfares.html,
Tegal Mengkeb,https://www.tripadvisor.co.id/Hotels-g4058667-Tegal_Mengkeb_Selemadeg_Bali-Hotels.html,Rp 1.128.099,https://www.tripadvisor.co.id/Flights-g4058667-Tegal_Mengkeb_Selemadeg_Bali-Cheap_Discount_Airfares.html,Rp 1.300.650
Bayah,https://www.tripadvisor.co.id/Hotels-g3381380-Bayah_Banten_Province_Java-Hotels.html,,https://www.tripadvisor.co.id/Flights-g3381380-Bayah_Banten_Province_Java-Cheap_Discount_Airfares.html,
Tembuku,https://www.tripadvisor.co.id/Hotels-g3400859-Tembuku_Bali-Hotels.html,Rp 1.388.430,https://www.tripadvisor.co.id/Flights-g3400859-Tembuku_Bali-Cheap_Discount_Airfares.html,Rp 1.752.850
Kalimantan Barat,https://www.tripadvisor.co.id/Hotels-g2301799-West_Kalimantan_Kalimantan-Hotels.html,Rp 244.463,https://www.tripadvisor.co.id/Flights-g2301799-West_Kalimantan_Kalimantan-Cheap_Discount_Airfares.html,Rp 7.297.083
Sekotong Barat,https://www.tripadvisor.co.id/Hotels-g2148152-Desa_Sekotong_Barat_Lombok_West_Nusa_Tenggara-Hotels.html,Rp 684.167,https://www.tripadvisor.co.id/Flights-g2148152-Desa_Sekotong_Barat_Lombok_West_Nusa_Tenggara-Cheap_Discount_Airfares.html,Rp 1.134.030
Tana Toraja,https://www.tripadvisor.co.id/Hotels-g8838499-Tana_Toraja_South_Sulawesi_Sulawesi-Hotels.html,Rp 181.818,https://www.tripadvisor.co.id/Flights-g8838499-Tana_Toraja_South_Sulawesi_Sulawesi-Cheap_Discount_Airfares.html,
Solok,https://www.tripadvisor.co.id/Hotels-g5599487-Solok_West_Sumatra_Sumatra-Hotels.html,Rp 667.644,https://www.tripadvisor.co.id/Flights-g5599487-Solok_West_Sumatra_Sumatra-Cheap_Discount_Airfares.html,Rp 1.075.230
Purbalingga,https://www.tripadvisor.co.id/Hotels-g6215328-Purbalingga_Central_Java_Java-Hotels.html,Rp 289.289,https://www.tripadvisor.co.id/Flights-g6215328-Purbalingga_Central_Java_Java-Cheap_Discount_Airfares.html,
Sukoharjo,https://www.tripadvisor.co.id/Hotels-g6368992-Sukoharjo_Central_Java_Java-Hotels.html,Rp 177.470,https://www.tripadvisor.co.id/Flights-g6368992-Sukoharjo_Central_Java_Java-Cheap_Discount_Airfares.html,
Muara Enim,https://www.tripadvisor.co.id/Hotels-g6572055-Muara_Enim_South_Sumatra_Sumatra-Hotels.html,Rp 344.763,https://www.tripadvisor.co.id/Flights-g6572055-Muara_Enim_South_Sumatra_Sumatra-Cheap_Discount_Airfares.html,Rp 1.075.230
Sentani,https://www.tripadvisor.co.id/Hotels-g6208762-Sentani_Papua-Hotels.html,Rp 790.999,https://www.tripadvisor.co.id/Flights-g6208762-Sentani_Papua-Cheap_Discount_Airfares.html,
Purworejo,https://www.tripadvisor.co.id/Hotels-g6215339-Purworejo_Central_Java_Java-Hotels.html,Rp 1.080.000,https://www.tripadvisor.co.id/Flights-g6215339-Purworejo_Central_Java_Java-Cheap_Discount_Airfares.html,
Tual,https://www.tripadvisor.co.id/Hotels-g6592999-Tual_Kai_Islands_Maluku_Islands-Hotels.html,Rp 295.455,https://www.tripadvisor.co.id/Flights-g6592999-Tual_Kai_Islands_Maluku_Islands-Cheap_Discount_Airfares.html,
Batu layar,https://www.tripadvisor.co.id/Hotels-g3371866-Batu_Layar_Senggigi_Lombok_West_Nusa_Tenggara-Hotels.html,Rp 469.718,https://www.tripadvisor.co.id/Flights-g3371866-Batu_Layar_Senggigi_Lombok_West_Nusa_Tenggara-Cheap_Discount_Airfares.html,Rp 1.290.915
Bulukumba,https://www.tripadvisor.co.id/Hotels-g3373378-Bulukumba_South_Sulawesi_Sulawesi-Hotels.html,Rp 247.934,https://www.tripadvisor.co.id/Flights-g3373378-Bulukumba_South_Sulawesi_Sulawesi-Cheap_Discount_Airfares.html,Rp 4.677.100
